,Name,Full_Address,Website,Plus_Code,Rating,Reviews,URL
557,Village Tourism New Nglepen,"Sengir, Sumberharjo, Prambanan, Sleman Regency, Special Region of Yogyakarta 55572",,"5GP3+G9 Sumberharjo, Sleman Regency, Special Region of Yogyakarta",4,301,"https://www.google.com/maps/place/Village+Tourism+New+Nglepen/@-7.8176686,109.9866108,10z/data=!4m10!1m3!2m2!1sobjek+wisata+near+sleman!6e1!3m5!1s0x2e7a50664fd7b7f5:0x7f92cc1801a80020!8m2!3d-7.8137377!4d110.5034501!15sChhvYmplayB3aXNhdGEgbmVhciBzbGVtYW5aKAoMb2JqZWsgd2lzYXRhIhhvYmplayB3aXNhdGEgbmVhciBzbGVtYW6SARJ0b3VyaXN0X2F0dHJhY3Rpb26aASRDaGREU1VoTk1HOW5TMFZKUTBGblNVTkpiVjh6U2pkUlJSQUI?hl=id"
558,Wisata Alam Jurug Gedhe,"Gembyong, Gunungkidul, Gembyong, Ngoro-oro, Kec. Patuk, Kabupaten Gunung Kidul, Daerah Istimewa Yogyakarta 55862",,"5GGP+9M Ngoro-oro, Gunung Kidul Regency, Special Region of Yogyakarta",4,304,"https://www.google.com/maps/place/Wisata+Alam+Jurug+Gedhe/@-8.1515409,110.333134,10z/data=!4m10!1m3!2m2!1sobjek+wisata+near+gunung+kidul!6e1!3m5!1s0x2e7a4fcc2de96709:0x83abe8cb33f739b5!8m2!3d-7.8240577!4d110.5367479!15sCh5vYmplayB3aXNhdGEgbmVhciBndW51bmcga2lkdWxaLgoMb2JqZWsgd2lzYXRhIh5vYmplayB3aXNhdGEgbmVhciBndW51bmcga2lkdWySARJ0b3VyaXN0X2F0dHJhY3Rpb26aASRDaGREU1VoTk1HOW5TMFZKUTBGblNVUm5iR1F0YlhaM1JSQUI?hl=id"
559,Joglo Batoer,"Joglo Batoer batur, Bobung, Putat, Kec. Patuk, Kabupaten Gunung Kidul, Daerah Istimewa Yogyakarta 55862",batoer-hill.business.site,"4HR2+3Q Putat, Gunung Kidul Regency, Special Region of Yogyakarta",4.3,309,"https://www.google.com/maps/place/Joglo+Batoer/@-8.1314541,110.2688597,10z/data=!4m10!1m3!2m2!1sobjek+wisata+near+gunung+kidul!6e1!3m5!1s0x2e7a4d3daffb81c7:0xfe5c3d5cb09e1cf!8m2!3d-7.85987!4d110.5519279!15sCh5vYmplayB3aXNhdGEgbmVhciBndW51bmcga2lkdWxaLgoMb2JqZWsgd2lzYXRhIh5vYmplayB3aXNhdGEgbmVhciBndW51bmcga2lkdWySARJ0b3VyaXN0X2F0dHJhY3Rpb26aASRDaGREU1VoTk1HOW5TMFZKUTBGblNVTm5jbHBFYVhOQlJSQUI?hl=id"
560,Bendungan Kayangan,"Kepek, Pendoworejo, Girimulyo, Kulon Progo Regency, Special Region of Yogyakarta 55674",rentalmobiljogja.id,"753J+X7 Pendoworejo, Kulon Progo Regency, Special Region of Yogyakarta",4.3,313,"https://www.google.com/maps/place/Bendungan+Kayangan/@-7.8202403,110.0938245,10z/data=!4m9!1m2!2m1!1sobjek+wisata+near+kulon+progo!3m5!1s0x2e7af1a2188ff377:0x8bab59808ed05f3c!8m2!3d-7.7450593!4d110.1806758!15sCh1vYmplayB3aXNhdGEgbmVhciBrdWxvbiBwcm9nb1otCgxvYmplayB3aXNhdGEiHW9iamVrIHdpc2F0YSBuZWFyIGt1bG9uIHByb2dvkgESdG91cmlzdF9hdHRyYWN0aW9umgEjQ2haRFNVaE5NRzluUzBWSlEwRm5TVU5aYTJWSFYxbEJFQUU?hl=id"
561,PUNCAK GOA JEPANG,"Unnamed Road, Ngerco, Seloharjo, Kec. Pundong, Bantul, Daerah Istimewa Yogyakarta 55771",wisatabaru.com,"X8XH+HJ Seloharjo, Bantul Regency, Special Region of Yogyakarta",4.5,322,"https://www.google.com/maps/place/PUNCAK+GOA+JEPANG/@-7.9456084,110.1605478,10z/data=!4m10!1m3!2m2!1sobjek+wisata+near+yogyakarta!6e1!3m5!1s0x2e7b007f0e815885:0x5562c1ddfcb7b1bf!8m2!3d-8.001032!4d110.3290002!15sChxvYmplayB3aXNhdGEgbmVhciB5b2d5YWthcnRhWiwKDG9iamVrIHdpc2F0YSIcb2JqZWsgd2lzYXRhIG5lYXIgeW9neWFrYXJ0YZIBEnRvdXJpc3RfYXR0cmFjdGlvbpoBJENoZERTVWhOTUc5blMwVkpRMEZuU1VSUmQzUkxNVzFCUlJBQg?hl=id"
562,Air Terjun Kembang Soka,"Jl. Raya Kaligesing, Banyunganti, Jatimulyo, Girimulyo, Kabupaten Kulon Progo, Daerah Istimewa Yogyakarta 55674",,"64M9+C2 Jatimulyo, Kulon Progo Regency, Special Region of Yogyakarta",4.6,324,"https://www.google.com/maps/place/Air+Terjun+Kembang+Soka/@-7.8172993,109.9866025,10z/data=!4m10!1m3!2m2!1sobjek+wisata+near+yogyakarta!6e1!3m5!1s0x2e7af1e00cc25677:0xfc4eccf8f2a9af7a!8m2!3d-7.7664251!4d110.1175615!15sChxvYmplayB3aXNhdGEgbmVhciB5b2d5YWthcnRhWiwKDG9iamVrIHdpc2F0YSIcb2JqZWsgd2lzYXRhIG5lYXIgeW9neWFrYXJ0YZIBEnRvdXJpc3RfYXR0cmFjdGlvbg?hl=id"
564,Embung Lampeyan,"Toragan, RT.05/RW.08, Toragan, Tlogoadi, Kec. Mlati, Kabupaten Sleman, Daerah Istimewa Yogyakarta 55286",,"78CQ+97 Tlogoadi, Sleman Regency, Special Region of Yogyakarta",4.1,326,"https://www.google.com/maps/place/Embung+Lampeyan/@-7.8176686,109.9866108,10z/data=!4m10!1m3!2m2!1sobjek+wisata+near+sleman!6e1!3m5!1s0x2e7a58a41585e79f:0xe67b009fb1654e31!8m2!3d-7.7290577!4d110.3382193!15sChhvYmplayB3aXNhdGEgbmVhciBzbGVtYW5aKAoMb2JqZWsgd2lzYXRhIhhvYmplayB3aXNhdGEgbmVhciBzbGVtYW6SARJ0b3VyaXN0X2F0dHJhY3Rpb26aASNDaFpEU1VoTk1HOW5TMFZKUTBGblNVUkJNalJZUkdOUkVBRQ?hl=id"
565,Snack Wonderland,"Jl. Ring Road Utara KM.1,5 No.08, Nanggulan, Maguwoharjo, Kec. Depok, Kabupaten Sleman, Daerah Istimewa Yogyakarta 55281",snack-wonderland.business.site,"6CHJ+5F Maguwoharjo, Sleman Regency, Special Region of Yogyakarta",4.1,327,"https://www.google.com/maps/place/Snack+Wonderland/@-7.8176686,109.9866108,10z/data=!4m10!1m3!2m2!1sobjek+wisata+near+sleman!6e1!3m5!1s0x2e7a5be6a385d897:0x735772d0baa04223!8m2!3d-7.7721185!4d110.4311704!15sChhvYmplayB3aXNhdGEgbmVhciBzbGVtYW5aKAoMb2JqZWsgd2lzYXRhIhhvYmplayB3aXNhdGEgbmVhciBzbGVtYW6SARJ0b3VyaXN0X2F0dHJhY3Rpb26aASNDaFpEU1VoTk1HOW5TMFZKUTBGblNVUkphV0ZNWTBSbkVBRQ?hl=id"
566,Taman Pancuran,"Jl. Ki Ageng Giring No.31, Seneng, Kepek, Kec. Wonosari, Kabupaten Gunung Kidul, Daerah Istimewa Yogyakarta 55813",,"2HHQ+MM Kepek, Gunung Kidul Regency, Special Region of Yogyakarta",4.2,327,"https://www.google.com/maps/place/Taman+Pancuran/@-8.1709605,110.3720168,10z/data=!4m9!1m2!2m1!1sobjek+wisata+near+gunung+kidul!3m5!1s0x2e7bb3159049c509:0xdc41b557f93a7146!8m2!3d-7.9708244!4d110.5892023!15sCh5vYmplayB3aXNhdGEgbmVhciBndW51bmcga2lkdWxaLgoMb2JqZWsgd2lzYXRhIh5vYmplayB3aXNhdGEgbmVhciBndW51bmcga2lkdWySAQRwYXJrmgEjQ2haRFNVaE5NRzluUzBWSlEwRm5TVU5uYlMxVVRGcDNFQUU?hl=id"
567,Grojogan Sewu Waterfall,"Beteng, Jatimulyo, Girimulyo, Kulon Progo Regency, Special Region of Yogyakarta 55674",johanfjr.com,"64XP+68 Jatimulyo, Kulon Progo Regency, Special Region of Yogyakarta",4.2,330,"https://www.google.com/maps/place/Grojogan+Sewu+Waterfall/@-7.8172993,109.9866025,10z/data=!4m10!1m3!2m2!1sobjek+wisata+near+yogyakarta!6e1!3m5!1s0x2e7aee26c07a4dd5:0xf81d5fa18c75048f!8m2!3d-7.7519624!4d110.1358235!15sChxvYmplayB3aXNhdGEgbmVhciB5b2d5YWthcnRhWiwKDG9iamVrIHdpc2F0YSIcb2JqZWsgd2lzYXRhIG5lYXIgeW9neWFrYXJ0YZIBEnRvdXJpc3RfYXR0cmFjdGlvbg?hl=id"
569,Stonehenge Yogyakarta,"Unnamed Road, Trutan, Kepuharjo, Cangkringan, Sleman Regency, Special Region of Yogyakarta 55583",,"9CXX+26 Kepuharjo, Sleman Regency, Special Region of Yogyakarta",4.4,332,"https://www.google.com/maps/place/Stonehenge+Yogyakarta/@-7.8176686,109.9866108,10z/data=!4m9!1m2!2m1!1sobjek+wisata+near+sleman!3m5!1s0x2e7a673e71ac8f07:0x1b5a519696a83b3a!8m2!3d-7.6024289!4d110.4480035!15sChhvYmplayB3aXNhdGEgbmVhciBzbGVtYW5aKAoMb2JqZWsgd2lzYXRhIhhvYmplayB3aXNhdGEgbmVhciBzbGVtYW6SARJ0b3VyaXN0X2F0dHJhY3Rpb26aASNDaFpEU1VoTk1HOW5TMFZKUTBGblNVUnZYMjlIWlZaM0VBRQ?hl=id"
570,"Toilet Zero Km, Yogyakarta","Jl. Panembahan Senopati No.4-6, Prawirodirjan, Kec. Gondomanan, Kota Yogyakarta, Daerah Istimewa Yogyakarta 55121",,"59X8+98 Prawirodirjan, Yogyakarta City, Special Region of Yogyakarta",4.6,335,"https://www.google.com/maps/place/Toilet+Zero+Km,+Yogyakarta/@-7.8675423,110.0066054,10z/data=!4m10!1m3!2m2!1sobjek+wisata+near+yogyakarta!6e1!3m5!1s0x2e7a5785da58e229:0x4ce0d73231bc88a4!8m2!3d-7.8015574!4d110.365828!15sChxvYmplayB3aXNhdGEgbmVhciB5b2d5YWthcnRhWiwKDG9iamVrIHdpc2F0YSIcb2JqZWsgd2lzYXRhIG5lYXIgeW9neWFrYXJ0YZIBD3B1YmxpY19iYXRocm9vbZoBI0NoWkRTVWhOTUc5blMwVkpRMEZuU1VOTE1rNTViV1ZuRUFF?hl=id"
571,Gunung Bagus Spot Selfie,"Unnamed Road, Area Hutan, Giring, Paliyan, Kabupaten Gunung Kidul, Daerah Istimewa Yogyakarta 55871",,"XH43+9V Giring, Gunung Kidul Regency, Special Region of Yogyakarta",4.4,335,"https://www.google.com/maps/place/Gunung+Bagus+Spot+Selfie/@-8.1288246,110.2686249,10z/data=!4m10!1m3!2m2!1sobjek+wisata+near+gunung+kidul!6e1!3m5!1s0x2e7bb1fc74564a5d:0xbdd90f295aa6a14!8m2!3d-8.0440353!4d110.5547189!15sCh5vYmplayB3aXNhdGEgbmVhciBndW51bmcga2lkdWxaLgoMb2JqZWsgd2lzYXRhIh5vYmplayB3aXNhdGEgbmVhciBndW51bmcga2lkdWySARJ0b3VyaXN0X2F0dHJhY3Rpb26aASRDaGREU1VoTk1HOW5TMFZKUTBGblNVTnZjSFpZVUhwblJSQUI?hl=id"
572,Puncak Kleco Desa Wisata Tinalah,"Duwet, Purwoharjo, Samigaluh, Kulon Progo Regency, Special Region of Yogyakarta 55673",business.site,"76P3+XR Purwoharjo, Kulon Progo Regency, Special Region of Yogyakarta",4.5,337,"https://www.google.com/maps/place/Puncak+Kleco+Desa+Wisata+Tinalah/@-7.8202403,110.0938245,10z/data=!4m10!1m3!2m2!1sobjek+wisata+near+kulon+progo!6e1!3m5!1s0x2e7af3db41a9d1f5:0xaadec89ae7116f5a!8m2!3d-7.7125459!4d110.2045109!15sCh1vYmplayB3aXNhdGEgbmVhciBrdWxvbiBwcm9nb1otCgxvYmplayB3aXNhdGEiHW9iamVrIHdpc2F0YSBuZWFyIGt1bG9uIHByb2dvkgESdG91cmlzdF9hdHRyYWN0aW9umgEjQ2haRFNVaE5NRzluUzBWSlEwRm5TVVJwYjNGeU5FVkJFQUU?hl=id"
573,Toyariang,"Jl. Ki Ageng Giring No.31, Bansari, Kepek, Kec. Wonosari, Kabupaten Gunung Kidul, Daerah Istimewa Yogyakarta 55813",,"2HJR+7J Kepek, Gunung Kidul Regency, Special Region of Yogyakarta",4.2,338,"https://www.google.com/maps/place/Toyariang/@-7.9693007,110.3114732,10z/data=!4m10!1m3!2m2!1sobjek+wisata+near+gunung+kidul!6e1!3m5!1s0x2e7bb33fef3479a3:0xef016766f40d94bf!8m2!3d-7.9693007!4d110.5916246!15sCh5vYmplayB3aXNhdGEgbmVhciBndW51bmcga2lkdWxaLgoMb2JqZWsgd2lzYXRhIh5vYmplayB3aXNhdGEgbmVhciBndW51bmcga2lkdWySAQp3YXRlcl9wYXJrmgEjQ2haRFNVaE5NRzluUzBWSlEwRm5TVVJKZDJaaFEwZG5FQUU?hl=id"
574,Sermo Reservoir Dam,"Jl. Lkr. Sermo, Sremo Lor, Hargowilis, Kokap, Kabupaten Kulon Progo, Daerah Istimewa Yogyakarta 55653",waduksermo.com,"54GF+3F Hargowilis, Kulon Progo Regency, Special Region of Yogyakarta",4.5,342,"https://www.google.com/maps/place/Sermo+Reservoir+Dam/@-7.9747776,109.9137027,10z/data=!4m10!1m3!2m2!1sobjek+wisata+near+kulon+progo!6e1!3m5!1s0x2e7ae546c09d6447:0x354974ef66a3a787!8m2!3d-7.8248171!4d110.1236396!15sCh1vYmplayB3aXNhdGEgbmVhciBrdWxvbiBwcm9nb1otCgxvYmplayB3aXNhdGEiHW9iamVrIHdpc2F0YSBuZWFyIGt1bG9uIHByb2dvkgESdG91cmlzdF9hdHRyYWN0aW9umgEjQ2haRFNVaE5NRzluUzBWSlEwRm5TVU5CYVhRemVVMTNFQUU?hl=id"
575,Al-Azhar Mosque,"Jl. Baron No.180, Karang Duwet I, Karangrejek, Kec. Wonosari, Kabupaten Gunung Kidul, Daerah Istimewa Yogyakarta 55851",,"2HCX+H7 Karangrejek, Gunung Kidul Regency, Special Region of Yogyakarta",4.8,342,"https://www.google.com/maps/place/Al-Azhar+Mosque/@-8.1902176,110.4302258,10z/data=!4m10!1m3!2m2!1sobjek+wisata+near+gunung+kidul!6e1!3m5!1s0x2e7bb3745c29cba5:0x1aba1bcae48b3471!8m2!3d-7.9786518!4d110.5982317!15sCh5vYmplayB3aXNhdGEgbmVhciBndW51bmcga2lkdWySAQZtb3NxdWU?hl=id"
576,Gunung Gamping,"Jl. Gamping Tengah, Gamping Tengah, Ambarketawang, Kec. Gamping, Kabupaten Sleman, Daerah Istimewa Yogyakarta 55294",,"58WC+42 Ambarketawang, Sleman Regency, Special Region of Yogyakarta",4.3,348,"https://www.google.com/maps/place/Gunung+Gamping/@-7.7900282,110.2961221,12z/data=!4m10!1m3!2m2!1sobjek+wisata+near+yogyakarta!6e1!3m5!1s0x2e7af804b8ac1d39:0x25bbd9da90772f70!8m2!3d-7.8047436!4d110.3200604!15sChxvYmplayB3aXNhdGEgbmVhciB5b2d5YWthcnRhWiwKDG9iamVrIHdpc2F0YSIcb2JqZWsgd2lzYXRhIG5lYXIgeW9neWFrYXJ0YZIBEnRvdXJpc3RfYXR0cmFjdGlvbpoBJENoZERTVWhOTUc5blMwVkpRMEZuU1VORGIzUnhObDkzUlJBQg?hl=id"
578,OMAH SALAK,"Jl. Perum Gadjah Mada Asri Kenteng Turi Sleman Jl. Pojok Pojok Pojok, Pojok, Wono Kerto, Kec. Turi, Kabupaten Sleman, Daerah Istimewa Yogyakarta 55551",omahsalak.com,"994C+4C Wono Kerto, Sleman Regency, Special Region of Yogyakarta",4.1,350,"https://www.google.com/maps/place/OMAH+SALAK/@-7.8172993,109.9866025,10z/data=!4m10!1m3!2m2!1sobjek+wisata+near+yogyakarta!6e1!3m5!1s0x2e7a5fcef3329507:0x63f4212b14717819!8m2!3d-7.644673!4d110.3710294!15sChxvYmplayB3aXNhdGEgbmVhciB5b2d5YWthcnRhWiwKDG9iamVrIHdpc2F0YSIcb2JqZWsgd2lzYXRhIG5lYXIgeW9neWFrYXJ0YZIBEnRvdXJpc3RfYXR0cmFjdGlvbg?hl=id"
579,Suaka Margasatwa Sermo,"Jl. Sermo - Kokap, Klebu, Hargowilis, Kokap, Kabupaten Kulon Progo, Daerah Istimewa Yogyakarta 55653",,"54CG+73 Hargowilis, Kulon Progo Regency, Special Region of Yogyakarta",4.5,350,"https://www.google.com/maps/place/Suaka+Margasatwa+Sermo/@-7.939368,109.9622645,10z/data=!4m10!1m3!2m2!1sobjek+wisata+near+kulon+progo!6e1!3m5!1s0x2e7ae538888a02f3:0xf789e69ce3866cba!8m2!3d-7.8293105!4d110.1251805!15sCh1vYmplayB3aXNhdGEgbmVhciBrdWxvbiBwcm9nb1otCgxvYmplayB3aXNhdGEiHW9iamVrIHdpc2F0YSBuZWFyIGt1bG9uIHByb2dvkgEPbmF0aW9uYWxfZm9yZXN0mgEjQ2haRFNVaE5NRzluUzBWSlEwRm5TVU5STmw5ZlVVVm5FQUU?hl=id"
581,Laut Bekah,"Giripurwo, Purwosari, Temon, Giripurwo, Purwosari, Kabupaten Gunung Kidul, Daerah Istimewa Yogyakarta 55872",,"W9HG+H4 Giripurwo, Gunung Kidul Regency, Special Region of Yogyakarta",4.3,350,"https://www.google.com/maps/place/Laut+Bekah/@-7.9633434,110.3209734,10z/data=!4m10!1m3!2m2!1sobjek+wisata+near+gunung+kidul!6e1!3m5!1s0x2e7ba9a6fc00b983:0xe1ed5c1c2c7071e9!8m2!3d-8.0710833!4d110.3752915!15sCh5vYmplayB3aXNhdGEgbmVhciBndW51bmcga2lkdWxaLgoMb2JqZWsgd2lzYXRhIh5vYmplayB3aXNhdGEgbmVhciBndW51bmcga2lkdWySARJ0b3VyaXN0X2F0dHJhY3Rpb26aASRDaGREU1VoTk1HOW5TMFZKUTBGblNVUkROVFIxUnpKblJSQUI?hl=id"
582,Tamansari Water Castle,"425, 09, Kampung Taman Kt 1, RT.36, Patehan, Kecamatan Kraton, Kota Yogyakarta, Daerah Istimewa Yogyakarta 55133",,"59Q5+XM Patehan, Yogyakarta City, Special Region of Yogyakarta",4.6,358,"https://www.google.com/maps/place/Tamansari+Water+Castle/@-7.8102685,110.3581324,13z/data=!4m9!1m2!2m1!1sobjek+wisata+near+yogyakarta!3m5!1s0x2e7a573458afc9b5:0xc98fc73fe86288ae!8m2!3d-7.8099304!4d110.3592123!15sChxvYmplayB3aXNhdGEgbmVhciB5b2d5YWthcnRhWiwKDG9iamVrIHdpc2F0YSIcb2JqZWsgd2lzYXRhIG5lYXIgeW9neWFrYXJ0YZIBBm11c2V1bZoBJENoZERTVWhOTUc5blMwVkpRMEZuU1VOck9VeDVkVjlSUlJBQg?hl=id"
587,Museum Plataran,"Gatak 1, Selomartani, Kalasan, Sleman Regency, Special Region of Yogyakarta 55571",,"7FP7+49 Selomartani, Sleman Regency, Special Region of Yogyakarta",4.3,384,"https://www.google.com/maps/place/Museum+Plataran/@-7.9414886,110.1442342,10z/data=!4m10!1m3!2m2!1sobjek+wisata+near+sleman!6e1!3m5!1s0x2e7a5b85e7f119e7:0x44a078e25b2bc4ed!8m2!3d-7.7146679!4d110.4634185!15sChhvYmplayB3aXNhdGEgbmVhciBzbGVtYW5aKAoMb2JqZWsgd2lzYXRhIhhvYmplayB3aXNhdGEgbmVhciBzbGVtYW6SAQZtdXNldW2aASRDaGREU1VoTk1HOW5TMFZKUTBGblNVTlJjVTlMZWkxblJSQUI?hl=id"
588,Museum of Biology UGM,"Jl. Sultan Agung No.22, Wirogunan, Kec. Mergangsan, Kota Yogyakarta, Daerah Istimewa Yogyakarta 55151",museum.biologi.ugm.ac.id,"59XF+7Q Wirogunan, Yogyakarta City, Special Region of Yogyakarta",4.4,388,"https://www.google.com/maps/place/Museum+of+Biology+UGM/@-7.9456084,110.1605478,10z/data=!4m10!1m3!2m2!1sobjek+wisata+near+yogyakarta!6e1!3m5!1s0x2e7a5783c3faddf1:0xc9649eca4dd40f0b!8m2!3d-7.8017655!4d110.3744009!15sChxvYmplayB3aXNhdGEgbmVhciB5b2d5YWthcnRhWiwKDG9iamVrIHdpc2F0YSIcb2JqZWsgd2lzYXRhIG5lYXIgeW9neWFrYXJ0YZIBBm11c2V1bZoBI0NoWkRTVWhOTUc5blMwVkpRMEZuU1VRd1oxQkRhVXhCRUFF?hl=id"
590,Taman Wana Winulang,"Kemiri, Margosari, Pengasih, Kulon Progo Regency, Special Region of Yogyakarta 55652",,"45V8+HC Margosari, Kulon Progo Regency, Special Region of Yogyakarta",4,393,"https://www.google.com/maps/place/Taman+Wana+Winulang/@-7.8202403,110.0938245,10z/data=!4m10!1m3!2m2!1sobjek+wisata+near+kulon+progo!6e1!3m5!1s0x2e7afb1844a9406b:0x4f1ccee9ffedac77!8m2!3d-7.856079!4d110.166051!15sCh1vYmplayB3aXNhdGEgbmVhciBrdWxvbiBwcm9nb1otCgxvYmplayB3aXNhdGEiHW9iamVrIHdpc2F0YSBuZWFyIGt1bG9uIHByb2dvkgESdG91cmlzdF9hdHRyYWN0aW9umgEkQ2hkRFNVaE5NRzluUzBWSlEwRm5TVU5uTVRoTUxXcEJSUkFC?hl=id"
591,Tlogo Muncar National Garden,"Jalan Tlogo Putri, Hargobinangun, Pakem, Area Hutan, Hargobinangun, Kec. Pakem, Kabupaten Sleman, Daerah Istimewa Yogyakarta 55582",,"CC5M+8H Hargobinangun, Sleman Regency, Special Region of Yogyakarta",4.3,395,"https://www.google.com/maps/place/Tlogo+Muncar+National+Garden/@-7.8176686,109.9866108,10z/data=!4m10!1m3!2m2!1sobjek+wisata+near+sleman!6e1!3m5!1s0x2e7a672c010222af:0x10de1247ec632e8c!8m2!3d-7.5916829!4d110.4339648!15sChhvYmplayB3aXNhdGEgbmVhciBzbGVtYW5aKAoMb2JqZWsgd2lzYXRhIhhvYmplayB3aXNhdGEgbmVhciBzbGVtYW6SARJ0b3VyaXN0X2F0dHJhY3Rpb26aASRDaGREU1VoTk1HOW5TMFZKUTBGblNVTm5OV1Z1ZVhSM1JSQUI?hl=id"
592,Pronosutan View,"Pronosutan, Kembang, Nanggulan, Kulon Progo Regency, Special Region of Yogyakarta 55671",,"7634+49 Kembang, Kulon Progo Regency, Special Region of Yogyakarta",4.6,408,"https://www.google.com/maps/place/Pronosutan+View/@-7.9317561,110.1520157,10z/data=!4m10!1m3!2m2!1sobjek+wisata+near+yogyakarta!6e1!3m5!1s0x2e7af11401b1eb09:0x3009d7efec6d3ad3!8m2!3d-7.7472446!4d110.2059948!15sChxvYmplayB3aXNhdGEgbmVhciB5b2d5YWthcnRhWiwKDG9iamVrIHdpc2F0YSIcb2JqZWsgd2lzYXRhIG5lYXIgeW9neWFrYXJ0YZIBEGJvdGFuaWNhbF9nYXJkZW4?hl=id"
593,"Saint Theresia Lisieux Catholic Church, Boro","Jalan Boro Banjarasri, Banjarasri, Kalibawang, Depok, Banjarasri, Kec. Kalibawang, Kabupaten Kulon Progo, Daerah Istimewa Yogyakarta 55672",parokiboro.org,"863F+PM Banjarasri, Kulon Progo Regency, Special Region of Yogyakarta",4.8,408,"https://www.google.com/maps/place/Saint+Theresia+Lisieux+Catholic+Church,+Boro/@-7.940013,109.9566976,10z/data=!4m10!1m3!2m2!1sobjek+wisata+near+kulon+progo!6e1!3m5!1s0x2e7af38bffffffff:0xa87714fb29ec611c!8m2!3d-7.6956257!4d110.2241833!15sCh1vYmplayB3aXNhdGEgbmVhciBrdWxvbiBwcm9nb1otCgxvYmplayB3aXNhdGEiHW9iamVrIHdpc2F0YSBuZWFyIGt1bG9uIHByb2dvkgEPY2F0aG9saWNfY2h1cmNomgEkQ2hkRFNVaE5NRzluUzBWSlEwRm5TVVE0Ym1VMlVHaG5SUkFC?hl=id"
595,Kedung Pengilon,"Petung, Bangunjiwo, Kasihan, Petung, Bangunjiwo, Kec. Kasihan, Bantul, Daerah Istimewa Yogyakarta 55751",bantulkab.go.id,"47VQ+HG Bangunjiwo, Bantul Regency, Special Region of Yogyakarta",4,410,"https://www.google.com/maps/place/Kedung+Pengilon/@-7.9413718,110.1445831,10z/data=!4m10!1m3!2m2!1sobjek+wisata+near+yogyakarta!6e1!3m5!1s0x2e7af8e4983a7d37:0xdc6034031ac18025!8m2!3d-7.8560863!4d110.288863!15sChxvYmplayB3aXNhdGEgbmVhciB5b2d5YWthcnRhWiwKDG9iamVrIHdpc2F0YSIcb2JqZWsgd2lzYXRhIG5lYXIgeW9neWFrYXJ0YZIBEnRvdXJpc3RfYXR0cmFjdGlvbpoBJENoZERTVWhOTUc5blMwVkpRMEZuU1VNMGVqaGlUMnRCUlJBQg?hl=id"
597,Tugu Nyi Ageng Serang,"Jl. Pahlawan No.2, Gadingan, Wates, Kabupaten Kulon Progo, Daerah Istimewa Yogyakarta 55651",,"45M4+RJ Wates, Kulon Progo Regency, Special Region of Yogyakarta",4.5,413,"https://www.google.com/maps/place/Tugu+Nyi+Ageng+Serang/@-7.9747776,109.9137027,10z/data=!4m10!1m3!2m2!1sobjek+wisata+near+kulon+progo!6e1!3m5!1s0x2e7afb3923e6bcf7:0x540a3e08eea2080f!8m2!3d-7.8654141!4d110.1566207!15sCh1vYmplayB3aXNhdGEgbmVhciBrdWxvbiBwcm9nb1otCgxvYmplayB3aXNhdGEiHW9iamVrIHdpc2F0YSBuZWFyIGt1bG9uIHByb2dvkgEIbGFuZG1hcmuaASNDaFpEU1VoTk1HOW5TMFZKUTBGblNVUlJNelo1ZDBaUkVBRQ?hl=id"
598,Hutan Pinus Mangunan,"Hutan Pinus, Sukorame, Mangunan, Kec. Imogiri, Bantul, Daerah Istimewa Yogyakarta 55783",,"3C9J+7V Mangunan, Bantul Regency, Special Region of Yogyakarta",4.7,415,"https://www.google.com/maps/place/Hutan+Pinus+Mangunan/@-7.7256327,110.1523764,10z/data=!4m10!1m3!2m2!1sobjek+wisata+near+yogyakarta!6e1!3m5!1s0x2e7a536fb6468009:0x9b7a35d2f79a0813!8m2!3d-7.9317561!4d110.4321671!15sChxvYmplayB3aXNhdGEgbmVhciB5b2d5YWthcnRhWiwKDG9iamVrIHdpc2F0YSIcb2JqZWsgd2lzYXRhIG5lYXIgeW9neWFrYXJ0YZIBBHBhcms?hl=id"
600,Embung Kleco,"Ngesong, Giripurwo, Girimulyo, Kulon Progo Regency, Special Region of Yogyakarta 55674",,"65C7+V9 Giripurwo, Kulon Progo Regency, Special Region of Yogyakarta",4.1,418,"https://www.google.com/maps/place/Embung+Kleco/@-7.8202403,110.0938245,10z/data=!4m10!1m3!2m2!1sobjek+wisata+near+kulon+progo!6e1!3m5!1s0x2e7af3600ec7617f:0xc6e073199b9579a1!8m2!3d-7.7778054!4d110.1634566!15sCh1vYmplayB3aXNhdGEgbmVhciBrdWxvbiBwcm9nb1otCgxvYmplayB3aXNhdGEiHW9iamVrIHdpc2F0YSBuZWFyIGt1bG9uIHByb2dvkgESdG91cmlzdF9hdHRyYWN0aW9umgEjQ2haRFNVaE5NRzluUzBWSlEwRm5TVVJCZUY5ZlMxaG5FQUU?hl=id"
601,"Saint Mary's Grotto, Sriningsih","Jali, Gayamharjo, Prambanan, Jali, Gayamharjo, Kec. Prambanan, Kabupaten Sleman, Daerah Istimewa Yogyakarta 55572",,"6G2G+F2 Gayamharjo, Sleman Regency, Special Region of Yogyakarta",4.7,419,"https://www.google.com/maps/place/Saint+Mary's+Grotto,+Sriningsih/@-7.8172993,109.9866025,10z/data=!4m10!1m3!2m2!1sobjek+wisata+near+yogyakarta!6e1!3m5!1s0x2e7a4fe32f00a883:0xf18bcb86b3387fd7!8m2!3d-7.7987884!4d110.5250228!15sChxvYmplayB3aXNhdGEgbmVhciB5b2d5YWthcnRhkgEGc2hyaW5l?hl=id"
603,Desa Wisata klayar,"Klayar, Kedungpoh,Nglipar, Gunung Kidul, Daerah Istimewa Yogyakarta, Gojo, Kedungpoh, Nglipar, Kabupaten Gunung Kidul, Daerah Istimewa Yogyakarta 55852",,"4M45+H3 Kedungpoh, Gunung Kidul Regency, Special Region of Yogyakarta",4.2,433,"https://www.google.com/maps/place/Desa+Wisata+klayar/@-8.1515409,110.333134,10z/data=!4m10!1m3!2m2!1sobjek+wisata+near+gunung+kidul!6e1!3m5!1s0x2e7a4bb1ea1608c3:0x3a6a2d052497008d!8m2!3d-7.8935937!4d110.6576463!15sCh5vYmplayB3aXNhdGEgbmVhciBndW51bmcga2lkdWxaLgoMb2JqZWsgd2lzYXRhIh5vYmplayB3aXNhdGEgbmVhciBndW51bmcga2lkdWySARJ0b3VyaXN0X2F0dHJhY3Rpb26aASRDaGREU1VoTk1HOW5TMFZKUTBGblNVUlJPRWt6WjNGUlJSQUI?hl=id"
604,Taman Kota BNI Wonosari,"Jl. Masjid, Purbosari, Kepek, Kec. Wonosari, Kabupaten Gunung Kidul, Daerah Istimewa Yogyakarta 55851",,"2JP2+MC Kepek, Gunung Kidul Regency, Special Region of Yogyakarta",4.3,433,"https://www.google.com/maps/place/Taman+Kota+BNI+Wonosari/@-7.9633434,110.3209734,10z/data=!4m10!1m3!2m2!1sobjek+wisata+near+gunung+kidul!6e1!3m5!1s0x2e7bb344477c6cf1:0x6faddc471160a3fc!8m2!3d-7.9633434!4d110.6011248!15sCh5vYmplayB3aXNhdGEgbmVhciBndW51bmcga2lkdWxaLgoMb2JqZWsgd2lzYXRhIh5vYmplayB3aXNhdGEgbmVhciBndW51bmcga2lkdWySAQRwYXJrmgEjQ2haRFNVaE5NRzluUzBWSlEwRm5TVU13WnpkRFIwNTNFQUU?hl=id"
605,,"Gunungbang, Bejiharjo, Karangmojo, Gunung Kidul Regency, Special Region of Yogyakarta 55891",goatanding.co.id,"3JGW+HQ Bejiharjo, Gunung Kidul Regency, Special Region of Yogyakarta",4.5,436,"https://www.google.com/maps/place/PINDUL+ADVENTURE+PARK/@-8.1515409,110.333134,10z/data=!4m10!1m3!2m2!1sobjek+wisata+near+gunung+kidul!6e1!3m5!1s0x2e7a4b3ad4c011a5:0xf05d9d6d0bf544bc!8m2!3d-7.9316178!4d110.6504785!15sCh5vYmplayB3aXNhdGEgbmVhciBndW51bmcga2lkdWxaLgoMb2JqZWsgd2lzYXRhIh5vYmplayB3aXNhdGEgbmVhciBndW51bmcga2lkdWySARJ0b3VyaXN0X2F0dHJhY3Rpb26aASRDaGREU1VoTk1HOW5TMFZKUTBGblNVUnJkRFpVWVRaQlJSQUI?hl=id"
607,Bukit Pengilon,"Area Hutan, Purwodadi, Tepus, Gunung Kidul Regency, Special Region of Yogyakarta 55883",,"RM7R+GM Purwodadi, Gunung Kidul Regency, Special Region of Yogyakarta",4.6,438,"https://www.google.com/maps/place/Bukit+Pengilon/@-8.1861596,110.4115274,10z/data=!4m10!1m3!2m2!1sobjek+wisata+near+yogyakarta!6e1!3m5!1s0x2e7bb8c8e6d72db7:0x4d8d1b8b3250c79d!8m2!3d-8.1861596!4d110.6916788!15sChxvYmplayB3aXNhdGEgbmVhciB5b2d5YWthcnRhWiwKDG9iamVrIHdpc2F0YSIcb2JqZWsgd2lzYXRhIG5lYXIgeW9neWFrYXJ0YZIBEnRvdXJpc3RfYXR0cmFjdGlvbg?hl=id"
609,Kalikuning Park,"Jl. Bebeng, Pangukrejo, Palemsari, Umbulharjo, Kec. Cangkringan, Kabupaten Sleman, Daerah Istimewa Yogyakarta 55583",,"CC5R+3H Umbulharjo, Sleman Regency, Special Region of Yogyakarta",4.4,442,"https://www.google.com/maps/place/Kalikuning+Park/@-7.8172993,109.9866025,10z/data=!4m10!1m3!2m2!1sobjek+wisata+near+yogyakarta!6e1!3m5!1s0x2e7a67242c032585:0x3eb0d472cc26670d!8m2!3d-7.5923466!4d110.4414633!15sChxvYmplayB3aXNhdGEgbmVhciB5b2d5YWthcnRhWiwKDG9iamVrIHdpc2F0YSIcb2JqZWsgd2lzYXRhIG5lYXIgeW9neWFrYXJ0YZIBEnRvdXJpc3RfYXR0cmFjdGlvbpoBI0NoWkRTVWhOTUc5blMwVkpRMEZuU1VOSmRISmZUV0ZCRUFF?hl=id"
611,Lava bantal,"Jl. Berbah - Prambanan, Jragung, Kalitirto, Kec. Berbah, Kabupaten Sleman, Daerah Istimewa Yogyakarta 55573",,"5FR5+PR Kalitirto, Sleman Regency, Special Region of Yogyakarta",4.4,443,"https://www.google.com/maps/place/Lava+bantal/@-7.8176686,109.9866108,10z/data=!4m10!1m3!2m2!1sobjek+wisata+near+sleman!6e1!3m5!1s0x2e7a51b96c72a851:0xf454bd5877f00a2e!8m2!3d-7.8081518!4d110.4595183!15sChhvYmplayB3aXNhdGEgbmVhciBzbGVtYW5aKAoMb2JqZWsgd2lzYXRhIhhvYmplayB3aXNhdGEgbmVhciBzbGVtYW6SAQtyb3dpbmdfYXJlYZoBI0NoWkRTVWhOTUc5blMwVkpRMEZuU1VOTE1EZERMVVpCRUFF?hl=id"
613,ANCOL KALIBAWANG KULONPROGO,"Pantok Wetan, Banjaroyo, Kalibawang, Kulon Progo Regency, Special Region of Yogyakarta 55672",,"87M8+VG Banjaroyo, Kulon Progo Regency, Special Region of Yogyakarta",4.1,449,"https://www.google.com/maps/place/ANCOL+KALIBAWANG+KULONPROGO/@-7.9673349,109.9024556,10z/data=!4m10!1m3!2m2!1sobjek+wisata+near+kulon+progo!6e1!3m5!1s0x2e7af4ee657a3465:0x714574dac05432!8m2!3d-7.6653142!4d110.266253!15sCh1vYmplayB3aXNhdGEgbmVhciBrdWxvbiBwcm9nb1otCgxvYmplayB3aXNhdGEiHW9iamVrIHdpc2F0YSBuZWFyIGt1bG9uIHByb2dvkgEZZnJ1aXRfYW5kX3ZlZ2V0YWJsZV9zdG9yZZoBI0NoWkRTVWhOTUc5blMwVkpRMEZuU1VOM2VuTjZjMFpuRUFF?hl=id"
614,Alun-alun Wates,"Terbah, Wates, Kulon Progo Regency, Special Region of Yogyakarta 55651",,"45R4+WV Wates, Kulon Progo Regency, Special Region of Yogyakarta",4.5,452,"https://www.google.com/maps/place/Alun-alun+Wates/@-7.8202403,110.0938245,10z/data=!4m10!1m3!2m2!1sobjek+wisata+near+kulon+progo!6e1!3m5!1s0x2e7afbed7df582df:0xf39a9359c4ba174b!8m2!3d-7.8577493!4d110.1572162!15sCh1vYmplayB3aXNhdGEgbmVhciBrdWxvbiBwcm9nb1otCgxvYmplayB3aXNhdGEiHW9iamVrIHdpc2F0YSBuZWFyIGt1bG9uIHByb2dvkgESdG91cmlzdF9hdHRyYWN0aW9umgEjQ2haRFNVaE5NRzluUzBWSlEwRm5TVU5EWDAxSFFVZEJFQUU?hl=id"
615,Tebing Gunung Gajah,"D.I.Y, Jl. Sermo - Girimulyo, Katerban, Donorejo, Kokap, Kabupaten Kulon Progo, Daerah Istimewa Yogyakarta 55653",,"64F4+5G Donorejo, Purworejo Regency, Central Java",4.5,453,"https://www.google.com/maps/place/Tebing+Gunung+Gajah/@-7.8202403,110.0938245,10z/data=!4m10!1m3!2m2!1sobjek+wisata+near+kulon+progo!6e1!3m5!1s0x2e7aefb06c226433:0x5eb03bf4b057aa1e!8m2!3d-7.7771187!4d110.1063514!15sCh1vYmplayB3aXNhdGEgbmVhciBrdWxvbiBwcm9nb1otCgxvYmplayB3aXNhdGEiHW9iamVrIHdpc2F0YSBuZWFyIGt1bG9uIHByb2dvkgESdG91cmlzdF9hdHRyYWN0aW9umgEjQ2haRFNVaE5NRzluUzBWSlEwRm5TVU5EWjB4bGFWWm5FQUU?hl=id"
616,Air Terjun Sidoharjo,"Gerbosari, Wonotawang, Sidoharjo, Samigaluh, Kabupaten Kulon Progo, Daerah Istimewa Yogyakarta 55673",,"86J2+3P Sidoharjo, Kulon Progo Regency, Special Region of Yogyakarta",4.4,456,"https://www.google.com/maps/place/Air+Terjun+Sidoharjo/@-7.8202403,110.0938245,10z/data=!4m10!1m3!2m2!1sobjek+wisata+near+kulon+progo!6e1!3m5!1s0x2e7af2faaaaaaaab:0xdc9ca9cd11d0dbe1!8m2!3d-7.6697568!4d110.201777!15sCh1vYmplayB3aXNhdGEgbmVhciBrdWxvbiBwcm9nb1otCgxvYmplayB3aXNhdGEiHW9iamVrIHdpc2F0YSBuZWFyIGt1bG9uIHByb2dvkgEJd2F0ZXJmYWxsmgEjQ2haRFNVaE5NRzluUzBWSlEwRm5TVU5MYW1aVFVsTlJFQUU?hl=id"
617,Dermaga Pantai Glagah,"Keboan, Karangwuni, Wates, Kulon Progo Regency, Special Region of Yogyakarta 55651",,"33MM+58 Karangwuni, Kulon Progo Regency, Special Region of Yogyakarta",4.3,458,"https://www.google.com/maps/place/Dermaga+Pantai+Glagah/@-7.8202403,110.0938245,10z/data=!4m10!1m3!2m2!1sobjek+wisata+near+kulon+progo!6e1!3m5!1s0x2e7ae392ffffffff:0x78630f6be8aa1baf!8m2!3d-7.9170359!4d110.0833169!15sCh1vYmplayB3aXNhdGEgbmVhciBrdWxvbiBwcm9nb1otCgxvYmplayB3aXNhdGEiHW9iamVrIHdpc2F0YSBuZWFyIGt1bG9uIHByb2dvkgESdG91cmlzdF9hdHRyYWN0aW9umgEjQ2haRFNVaE5NRzluUzBWSlEwRm5TVVJuTUdSSVRrWlJFQUU?hl=id"
618,Rimbono Home Stay,"Nglinggo, Nglinggo Barat, Pagerharjo, Samigaluh, Kabupaten Kulon Progo, Daerah Istimewa Yogyakarta 55673",facebook.com,"84WR+C9 Pagerharjo, Kulon Progo Regency, Special Region of Yogyakarta",4.5,459,"https://www.google.com/maps/place/Rimbono+Home+Stay/@-7.818038,109.986619,10z/data=!4m13!1m3!2m2!1sobjek+wisata+near+kulon+progo!6e1!3m8!1s0x2e7af2eff410c6eb:0xc4d4eb7dae681491!5m2!4m1!1i2!8m2!3d-7.6539622!4d110.1409322!15sCh1vYmplayB3aXNhdGEgbmVhciBrdWxvbiBwcm9nb1otCgxvYmplayB3aXNhdGEiHW9iamVrIHdpc2F0YSBuZWFyIGt1bG9uIHByb2dvkgEFbG9kZ2U?hl=id"
619,Bendung Kamijoro,"Jl. Sentolo - Brosot, Kaliwiru, Tuksono, Kec. Sentolo, Kabupaten Kulon Progo, Daerah Istimewa Yogyakarta 55664",,"47C8+45 Tuksono, Kulon Progo Regency, Special Region of Yogyakarta",4.2,459,"https://www.google.com/maps/place/Bendung+Kamijoro/@-7.8202403,110.0938245,10z/data=!4m10!1m3!2m2!1sobjek+wisata+near+kulon+progo!6e1!3m5!1s0x2e7af9c57a5354c3:0xe636fca2a64aa3ed!8m2!3d-7.8797392!4d110.265456!15sCh1vYmplayB3aXNhdGEgbmVhciBrdWxvbiBwcm9nb1otCgxvYmplayB3aXNhdGEiHW9iamVrIHdpc2F0YSBuZWFyIGt1bG9uIHByb2dvkgEEcGFya5oBI0NoWkRTVWhOTUc5blMwVkpRMEZuU1VSWmFXRjZUV1ZCRUFF?hl=id"
620,Tugu Perbatasan Jateng - DIY,"Jl. Purworejo - Jogja, Dusun II, Dadirejo, Kec. Bagelen, Kabupaten Purworejo, Jawa Tengah 54174",,"42CV+F2 Dadirejo, Purworejo Regency, Central Java",4.2,464,"https://www.google.com/maps/place/Tugu+Perbatasan+Jateng+-+DIY/@-7.8202403,110.0938245,10z/data=!4m10!1m3!2m2!1sobjek+wisata+near+kulon+progo!6e1!3m5!1s0x2e7ae6a0d3d6ceb5:0xf6f2997c10d42663!8m2!3d-7.878815!4d110.0425162!15sCh1vYmplayB3aXNhdGEgbmVhciBrdWxvbiBwcm9nb1otCgxvYmplayB3aXNhdGEiHW9iamVrIHdpc2F0YSBuZWFyIGt1bG9uIHByb2dvkgESdG91cmlzdF9hdHRyYWN0aW9u?hl=id"
621,Soko Tunggal Mosque,"Jl. Taman 1 No.318, Patehan, Kecamatan Kraton, Kota Yogyakarta, Daerah Istimewa Yogyakarta 55133",jogjakota.go.id,"59Q6+R6 Patehan, Yogyakarta City, Special Region of Yogyakarta",4.7,465,"https://www.google.com/maps/place/Soko+Tunggal+Mosque/@-7.8283312,110.1196435,10z/data=!4m10!1m3!2m2!1sobjek+wisata+near+yogyakarta!6e1!3m5!1s0x2e7a5793d60be435:0xd6ad86ad6eb9e050!8m2!3d-7.8103172!4d110.3605688!15sChxvYmplayB3aXNhdGEgbmVhciB5b2d5YWthcnRhWiwKDG9iamVrIHdpc2F0YSIcb2JqZWsgd2lzYXRhIG5lYXIgeW9neWFrYXJ0YZIBBm1vc3F1ZQ?hl=id"
622,Mangli Skyview,"Area Hutan/Sawah, Mangli, Kaliangkrik, Magelang, Central Java 56153",business.site,"H4R2+G6 Mangli, Magelang, Central Java",4.6,471,"https://www.google.com/maps/place/Mangli+Skyview/@-8.1506589,110.3324797,10z/data=!4m10!1m3!2m2!1sobjek+wisata+near+yogyakarta!6e1!3m5!1s0x2e7a9b7a77039791:0x1a1f5caba90c786f!8m2!3d-7.4086331!4d110.1006058!15sChxvYmplayB3aXNhdGEgbmVhciB5b2d5YWthcnRhWiwKDG9iamVrIHdpc2F0YSIcb2JqZWsgd2lzYXRhIG5lYXIgeW9neWFrYXJ0YZIBEnRvdXJpc3RfYXR0cmFjdGlvbg?hl=id"
624,PJL Geser,"Sosromenduran, Gedong Tengen, Yogyakarta City, Special Region of Yogyakarta 55271",,"6968+4C Sosromenduran, Yogyakarta City, Special Region of Yogyakarta",4.6,473,"https://www.google.com/maps/place/PJL+Geser/@-8.0110238,110.3452046,10z/data=!4m10!1m3!2m2!1sobjek+wisata+near+yogyakarta!6e1!3m5!1s0x2e7a5825f3251f6d:0xed36656609c539de!8m2!3d-7.789655!4d110.3661098!15sChxvYmplayB3aXNhdGEgbmVhciB5b2d5YWthcnRhWiwKDG9iamVrIHdpc2F0YSIcb2JqZWsgd2lzYXRhIG5lYXIgeW9neWFrYXJ0YZIBE2hpc3RvcmljYWxfbGFuZG1hcms?hl=id"
625,Museum of Indonesian Education,"Kampus Pusat Universitas Negeri Yogyakarta, Jalan Colombo No. 1,, Caturtunggal,, Depok,, Karang Malang, Caturtunggal, Kec. Depok, Kabupaten Sleman, Daerah Istimewa Yogyakarta 55281",mpi.uny.ac.id,"69GP+3V Caturtunggal, Sleman Regency, Special Region of Yogyakarta",4.6,481,"https://www.google.com/maps/place/Museum+of+Indonesian+Education/@-7.8089581,110.2898038,12z/data=!4m10!1m3!2m2!1sobjek+wisata+near+yogyakarta!6e1!3m5!1s0x2e7a59c9d2182ba5:0xd2e8ebbc8fb1d31c!8m2!3d-7.774829!4d110.387176!15sChxvYmplayB3aXNhdGEgbmVhciB5b2d5YWthcnRhWiwKDG9iamVrIHdpc2F0YSIcb2JqZWsgd2lzYXRhIG5lYXIgeW9neWFrYXJ0YZIBBm11c2V1bZoBI0NoWkRTVWhOTUc5blMwVkpRMEZuU1VNMGJtSjZhbEpuRUFF?hl=id"
627,Museum TNI AD Dharma Wiratama,"Jl. Jend. Sudirman No.75, Terban, Kec. Gondokusuman, Kota Yogyakarta, Daerah Istimewa Yogyakarta 55223",wiratama.museumjogja.org,"699G+25 Terban, Yogyakarta City, Special Region of Yogyakarta",4.7,482,"https://www.google.com/maps/place/Museum+TNI+AD+Dharma+Wiratama/@-8.0110238,110.3452046,10z/data=!4m10!1m3!2m2!1sobjek+wisata+near+yogyakarta!6e1!3m5!1s0x2e7a5833a9864e7d:0x85ca2d673e7aceb4!8m2!3d-7.7825371!4d110.3754614!15sChxvYmplayB3aXNhdGEgbmVhciB5b2d5YWthcnRhWiwKDG9iamVrIHdpc2F0YSIcb2JqZWsgd2lzYXRhIG5lYXIgeW9neWFrYXJ0YZIBC2FybXlfbXVzZXVt?hl=id"
628,Masjid Agung Pura Pakualaman,"Jl. Masjid Jl. Sewandanan, Gunungketur, Pakualaman, Kota Yogyakarta, Daerah Istimewa Yogyakarta 55166",,"59XG+H6 Gunungketur, Yogyakarta City, Special Region of Yogyakarta",4.7,488,"https://www.google.com/maps/place/Masjid+Agung+Pura+Pakualaman/@-8.0593871,110.4181635,10z/data=!4m10!1m3!2m2!1sobjek+wisata+near+yogyakarta!6e1!3m5!1s0x2e7a57f3b92f308b:0x1108e447abc6c2a9!8m2!3d-7.8011025!4d110.3755776!15sChxvYmplayB3aXNhdGEgbmVhciB5b2d5YWthcnRhkgEGbW9zcXVl?hl=id"
629,Batu Papal,"Jl. Candi Ijo, Mlakon, Sambirejo, Kec. Prambanan, Kabupaten Sleman, Daerah Istimewa Yogyakarta 55572",,"6G69+6C Sambirejo, Sleman Regency, Special Region of Yogyakarta",4.3,490,"https://www.google.com/maps/place/Batu+Papal/@-7.8278773,110.1611548,10z/data=!4m10!1m3!2m2!1sobjek+wisata+near+sleman!6e1!3m5!1s0x2e7a50008a11aad9:0x5bd2686defd4f6bd!8m2!3d-7.789479!4d110.5185664!15sChhvYmplayB3aXNhdGEgbmVhciBzbGVtYW5aKAoMb2JqZWsgd2lzYXRhIhhvYmplayB3aXNhdGEgbmVhciBzbGVtYW6SARJ0b3VyaXN0X2F0dHJhY3Rpb26aASRDaGREU1VoTk1HOW5TMFZKUTBGblNVTkRiM0JIVlhCM1JSQUI?hl=id"
630,Jatiningsih Mary Cave,"Jl. Jitar, Pakelan, Sumberarum, Kec. Moyudan, Kabupaten Sleman, Daerah Istimewa Yogyakarta 55563",instagram.com,"66RC+MQ Sumberarum, Sleman Regency, Special Region of Yogyakarta",4.8,492,"https://www.google.com/maps/place/Jatiningsih+Mary+Cave/@-7.8202403,110.0938245,10z/data=!4m10!1m3!2m2!1sobjek+wisata+near+kulon+progo!6e1!3m5!1s0x2e7af1262f2ac301:0x4627fd6993c6ea74!8m2!3d-7.7582799!4d110.2218958!15sCh1vYmplayB3aXNhdGEgbmVhciBrdWxvbiBwcm9nb1otCgxvYmplayB3aXNhdGEiHW9iamVrIHdpc2F0YSBuZWFyIGt1bG9uIHByb2dvkgEGc2hyaW5lmgEkQ2hkRFNVaE5NRzluUzBWSlEwRm5TVVJSWjJabVZHZG5SUkFC?hl=id"
631,Ayunan Langit Watu Jaran jogja,"Sabrangkidul RT.10/RW.05, Coco Leal, Purwosari, Girimulyo, Kabupaten Kulon Progo, Daerah Istimewa Yogyakarta 55674",,"747J+CV Purwosari, Kulon Progo Regency, Special Region of Yogyakarta",4.4,504,"https://www.google.com/maps/place/Ayunan+Langit+Watu+Jaran+jogja/@-7.9410486,110.1445762,10z/data=!4m10!1m3!2m2!1sobjek+wisata+near+yogyakarta!6e1!3m5!1s0x2e7aee1ad0ae4a7b:0x5124afa1aed973fe!8m2!3d-7.7364479!4d110.1322273!15sChxvYmplayB3aXNhdGEgbmVhciB5b2d5YWthcnRhWiwKDG9iamVrIHdpc2F0YSIcb2JqZWsgd2lzYXRhIG5lYXIgeW9neWFrYXJ0YZIBEnRvdXJpc3RfYXR0cmFjdGlvbpoBI0NoWkRTVWhOTUc5blMwVkpRMEZuU1VOQmNHRlVaVVZCRUFF?hl=id"
634,Paintball Jupiter Jogja,"Jogja Adventure Zone, Aero Wisata Skadik 104, Jl. Maguwo No.Kel, Karang Janbe, Banguntapan, Kec. Banguntapan, Bantul, Daerah Istimewa Yogyakarta 55198",,"6C2C+P2 Banguntapan, Bantul Regency, Special Region of Yogyakarta",4.4,505,"https://www.google.com/maps/place/Paintball+Jupiter+Jogja/@-7.6118141,110.146556,10z/data=!4m10!1m3!2m2!1sobjek+wisata+near+yogyakarta!6e1!3m5!1s0x2e7a578494560fd1:0xbb760e257e20903d!8m2!3d-7.798218!4d110.4200702!15sChxvYmplayB3aXNhdGEgbmVhciB5b2d5YWthcnRhWiwKDG9iamVrIHdpc2F0YSIcb2JqZWsgd2lzYXRhIG5lYXIgeW9neWFrYXJ0YZIBEHBhaW50YmFsbF9jZW50ZXKaASNDaFpEU1VoTk1HOW5TMFZKUTBGblNVUkpiazFFWWxwUkVBRQ?hl=id"
636,Telaga Biru,"Karangwuni, Weru, Candi Rejo, Sukoharjo, Geneng, Candi Rejo, Semin, Kabupaten Gunung Kidul, Jawa Tengah 57562",,"5QP7+7F Candi Rejo, Gunung Kidul Regency, Special Region of Yogyakarta",3.8,514,"https://www.google.com/maps/place/Telaga+Biru/@-8.0281562,110.3581793,10z/data=!4m9!1m2!2m1!1sobjek+wisata+near+gunung+kidul!3m5!1s0x2e7a37af58984853:0x677b22a5b042d3e5!8m2!3d-7.8143585!4d110.763722!15sCh5vYmplayB3aXNhdGEgbmVhciBndW51bmcga2lkdWxaLgoMb2JqZWsgd2lzYXRhIh5vYmplayB3aXNhdGEgbmVhciBndW51bmcga2lkdWySARJ0b3VyaXN0X2F0dHJhY3Rpb26aASRDaGREU1VoTk1HOW5TMFZKUTBGblNVUkpkbkpEVkROM1JSQUI?hl=id"
637,Alun-alun Wates,"Jl. Bhayangkara, Terbah, Wates, Kabupaten Kulon Progo, Daerah Istimewa Yogyakarta 55651",,"45R4+XV Wates, Kulon Progo Regency, Special Region of Yogyakarta",4.5,517,"https://www.google.com/maps/place/Alun-alun+Wates/@-7.8202403,110.0938245,10z/data=!4m10!1m3!2m2!1sobjek+wisata+near+kulon+progo!6e1!3m5!1s0x2e7afb936ff90073:0x8597d8d380206a1b!8m2!3d-7.857541!4d110.1572373!15sCh1vYmplayB3aXNhdGEgbmVhciBrdWxvbiBwcm9nb1otCgxvYmplayB3aXNhdGEiHW9iamVrIHdpc2F0YSBuZWFyIGt1bG9uIHByb2dvkgEEcGFya5oBI0NoWkRTVWhOTUc5blMwVkpRMEZuU1VOTGRXVlRNMVJSRUFF?hl=id"
638,Candi Gebang,"Gebang, Jl. Jetis Raya, Jetis, Wedomartani, Kec. Ngemplak, Kabupaten Sleman, Daerah Istimewa Yogyakarta 55584",,"6CX8+CG Wedomartani, Sleman Regency, Special Region of Yogyakarta",4.5,518,"https://www.google.com/maps/place/Candi+Gebang/@-7.8675423,110.0066054,10z/data=!4m10!1m3!2m2!1sobjek+wisata+near+yogyakarta!6e1!3m5!1s0x2e7a59786eea3b2f:0x28b240601a68c6ff!8m2!3d-7.7514576!4d110.4162577!15sChxvYmplayB3aXNhdGEgbmVhciB5b2d5YWthcnRhWiwKDG9iamVrIHdpc2F0YSIcb2JqZWsgd2lzYXRhIG5lYXIgeW9neWFrYXJ0YZIBDGhpbmR1X3RlbXBsZZoBI0NoWkRTVWhOTUc5blMwVkpRMEZuU1VSM2MwOHRZa3huRUFF?hl=id"
640,Batu Kapal Park,"klenggotan rt 01, Menguten, Srimulyo, Kec. Piyungan, Bantul, Daerah Istimewa Yogyakarta 55792",taman-batu-kapal.business.site,"5FH3+5Q Srimulyo, Bantul Regency, Special Region of Yogyakarta",4.6,526,"https://www.google.com/maps/place/Batu+Kapal+Park/@-7.9456084,110.1605478,10z/data=!4m10!1m3!2m2!1sobjek+wisata+near+yogyakarta!6e1!3m5!1s0x2e7a518f81f665e3:0x5d3382a4bfbd2680!8m2!3d-7.8220214!4d110.4544294!15sChxvYmplayB3aXNhdGEgbmVhciB5b2d5YWthcnRhWiwKDG9iamVrIHdpc2F0YSIcb2JqZWsgd2lzYXRhIG5lYXIgeW9neWFrYXJ0YZIBCnBsYXlncm91bmSaASRDaGREU1VoTk1HOW5TMFZKUTBGblNVUTRlbVIyU21oUlJSQUI?hl=id"
641,Danau Lembah UGM,"Karang Gayam, Caturtunggal, Depok Sub-District, Sleman Regency, Special Region of Yogyakarta 55281",,"69JM+97 Caturtunggal, Sleman Regency, Special Region of Yogyakarta",4.6,535,"https://www.google.com/maps/place/Danau+Lembah+UGM/@-7.798218,110.1399188,10z/data=!4m10!1m3!2m2!1sobjek+wisata+near+yogyakarta!6e1!3m5!1s0x2e7a59b3f36b86b5:0x844bba8a56cab01!8m2!3d-7.7690769!4d110.3831276!15sChxvYmplayB3aXNhdGEgbmVhciB5b2d5YWthcnRhWiwKDG9iamVrIHdpc2F0YSIcb2JqZWsgd2lzYXRhIG5lYXIgeW9neWFrYXJ0YZIBBHBhcmuaASNDaFpEU1VoTk1HOW5TMFZKUTBGblNVUnJOR1I2YkdSM0VBRQ?hl=id"
643,De MANGOL,"Jl. Raya Patuk Ngoro-Ngoro KM.1.4, Sumber Tetes, Patuk, Kec. Patuk, Kabupaten Gunung Kidul, Daerah Istimewa Yogyakarta 55862",demangol.com,"5F6Q+CV Patuk, Gunung Kidul Regency, Special Region of Yogyakarta",4.5,538,"https://www.google.com/maps/place/De+MANGOL/@-8.1314541,110.2688597,10z/data=!4m10!1m3!2m2!1sobjek+wisata+near+gunung+kidul!6e1!3m5!1s0x2e7a51ccb7585847:0xa1310a9d5aebf16e!8m2!3d-7.8388846!4d110.4896411!15sCh5vYmplayB3aXNhdGEgbmVhciBndW51bmcga2lkdWxaLgoMb2JqZWsgd2lzYXRhIh5vYmplayB3aXNhdGEgbmVhciBndW51bmcga2lkdWySARFyZWNyZWF0aW9uX2NlbnRlcpoBI0NoWkRTVWhOTUc5blMwVkpRMEZuU1VORGVUbGlabFZuRUFF?hl=id"
644,Jogja Gallery,"JL. Pekapalan No.7, Prawirodirjan, Gondomanan, Yogyakarta City, Special Region of Yogyakarta 55121",jogjagallery.net,"59W8+R7 Prawirodirjan, Yogyakarta City, Special Region of Yogyakarta",4.6,559,"https://www.google.com/maps/place/Jogja+Gallery/@-7.9456084,110.1605478,10z/data=!4m10!1m3!2m2!1sobjek+wisata+near+yogyakarta!6e1!3m5!1s0x2e7a578f9af30ba5:0x3ec8a5fb55f24f4!8m2!3d-7.8028672!4d110.365688!15sChxvYmplayB3aXNhdGEgbmVhciB5b2d5YWthcnRhWiwKDG9iamVrIHdpc2F0YSIcb2JqZWsgd2lzYXRhIG5lYXIgeW9neWFrYXJ0YZIBC2FydF9nYWxsZXJ5mgEjQ2haRFNVaE5NRzluUzBWSlEwRm5TVU52ZERsUFpXRkJFQUU?hl=id"
646,Nol Kilometer Jl.Malioboro,"No.Km.0, Ngupasan, Kec. Gondomanan, Kota Yogyakarta, Daerah Istimewa Yogyakarta 55122",,"59X7+CW Ngupasan, Yogyakarta City, Special Region of Yogyakarta",4.7,560,"https://www.google.com/maps/place/Nol+Kilometer+Jl.Malioboro/@-7.7899242,110.2950831,12z/data=!4m10!1m3!2m2!1sobjek+wisata+near+yogyakarta!6e1!3m5!1s0x2e7a57f8f637c877:0xad598bd163a12a15!8m2!3d-7.8013803!4d110.3647652!15sChxvYmplayB3aXNhdGEgbmVhciB5b2d5YWthcnRhWiwKDG9iamVrIHdpc2F0YSIcb2JqZWsgd2lzYXRhIG5lYXIgeW9neWFrYXJ0YZIBEnRvdXJpc3RfYXR0cmFjdGlvbpoBJENoZERTVWhOTUc5blMwVkpRMEZuU1VSVE9XOTZUbXBCUlJBQg?hl=id"
647,Candi Barong,"Dusun Candisari, Desa Sambirejo, Prambanan, Dowang Sari, Sambirejo, Kec. Prambanan, Kabupaten Sleman, Daerah Istimewa Yogyakarta 55572",kemdikbud.go.id,"6FFW+PW Sambirejo, Sleman Regency, Special Region of Yogyakarta",4.6,563,"https://www.google.com/maps/place/Candi+Barong/@-7.8176686,109.9866108,10z/data=!4m10!1m3!2m2!1sobjek+wisata+near+sleman!6e1!3m5!1s0x2e7a5ae163167d73:0x6a617a11831aaa58!8m2!3d-7.7756537!4d110.4973011!15sChhvYmplayB3aXNhdGEgbmVhciBzbGVtYW5aKAoMb2JqZWsgd2lzYXRhIhhvYmplayB3aXNhdGEgbmVhciBzbGVtYW6SAQxoaW5kdV90ZW1wbGWaASNDaFpEU1VoTk1HOW5TMFZKUTBGblNVTjNkM0JoY1VGUkVBRQ?hl=id"
648,Masjid Pathok Negara Mlangi,"Jl. Mlangi RT.5 RW.33, Area Sawah, Nogotirto, Kec. Gamping, Kabupaten Sleman, Daerah Istimewa Yogyakarta 55592",,"68QJ+C8 Nogotirto, Sleman Regency, Special Region of Yogyakarta",4.8,567,"https://www.google.com/maps/place/Masjid+Pathok+Negara+Mlangi/@-7.9317561,110.1520157,10z/data=!4m10!1m3!2m2!1sobjek+wisata+near+yogyakarta!6e1!3m5!1s0x2e7af7d5ff5832c1:0x2226f8c758bdc067!8m2!3d-7.7614978!4d110.3308701!15sChxvYmplayB3aXNhdGEgbmVhciB5b2d5YWthcnRhkgEGbW9zcXVl?hl=id"
650,Suroloyo Peak,"Onggosoro, Giritengah, Borobudur, Magelang, Central Java",,"953J+FF Giritengah, Magelang, Central Java",4.6,572,"https://www.google.com/maps/place/Suroloyo+Peak/@-7.940013,109.9566976,10z/data=!4m10!1m3!2m2!1sobjek+wisata+near+kulon+progo!6e1!3m5!1s0x2e7af2d144fd0c11:0xb15fc2d3a87b7512!8m2!3d-7.6463076!4d110.1811376!15sCh1vYmplayB3aXNhdGEgbmVhciBrdWxvbiBwcm9nb1otCgxvYmplayB3aXNhdGEiHW9iamVrIHdpc2F0YSBuZWFyIGt1bG9uIHByb2dvkgEEcGVha5oBI0NoWkRTVWhOTUc5blMwVkpRMEZuU1VSSk1HOWlWRVYzRUFF?hl=id"
651,Wisata Watu Amben,"Jl. Dlingo-Patuk, Area Kebun, Srimulyo, Kec. Piyungan, Bantul, Daerah Istimewa Yogyakarta 55792",,"5F2G+3R Srimulyo, Bantul Regency, Special Region of Yogyakarta",4.5,578,"https://www.google.com/maps/place/Wisata+Watu+Amben/@-7.8172993,109.9866025,10z/data=!4m10!1m3!2m2!1sobjek+wisata+near+yogyakarta!6e1!3m5!1s0x2e7a51a1abb2cbf7:0x26d9922919a7ff3f!8m2!3d-7.8498077!4d110.4770954!15sChxvYmplayB3aXNhdGEgbmVhciB5b2d5YWthcnRhWiwKDG9iamVrIHdpc2F0YSIcb2JqZWsgd2lzYXRhIG5lYXIgeW9neWFrYXJ0YZIBEnRvdXJpc3RfYXR0cmFjdGlvbpoBJENoZERTVWhOTUc5blMwVkpRMEZuU1VNd2NEUkVZM0pCUlJBQg?hl=id"
654,Gua Cerme,"Jl. Srunggo, Srunggo, Selopamioro, Kec. Imogiri, Bantul, Daerah Istimewa Yogyakarta 55782",,"29CJ+64 Selopamioro, Bantul Regency, Special Region of Yogyakarta",4.4,585,"https://www.google.com/maps/place/Gua+Cerme/@-8.1475664,110.3160981,10z/data=!4m10!1m3!2m2!1sobjek+wisata+near+gunung+kidul!6e1!3m5!1s0x2e7bab2040c07aff:0x43e34e65c58257b5!8m2!3d-7.9794413!4d110.3803114!15sCh5vYmplayB3aXNhdGEgbmVhciBndW51bmcga2lkdWxaLgoMb2JqZWsgd2lzYXRhIh5vYmplayB3aXNhdGEgbmVhciBndW51bmcga2lkdWySARJ0b3VyaXN0X2F0dHJhY3Rpb26aASRDaGREU1VoTk1HOW5TMFZKUTBGblNVTTBMVWwyVnpWM1JSQUI?hl=id"
655,Selfie Park Jogja,"Jl. Veteran No.150-151, Pandeyan, Kec. Umbulharjo, Kota Yogyakarta, Daerah Istimewa Yogyakarta 55161",xtsquare.co.id,"59MP+9J Pandeyan, Yogyakarta City, Special Region of Yogyakarta",4.4,597,"https://www.google.com/maps/place/Selfie+Park+Jogja/@-7.8104988,110.3504504,12z/data=!4m10!1m3!2m2!1sobjek+wisata+near+yogyakarta!6e1!3m5!1s0x2e7a570cc4a4ee63:0xb3d0282c115ce2e9!8m2!3d-7.8165135!4d110.3866062!15sChxvYmplayB3aXNhdGEgbmVhciB5b2d5YWthcnRhWiwKDG9iamVrIHdpc2F0YSIcb2JqZWsgd2lzYXRhIG5lYXIgeW9neWFrYXJ0YZIBBmdhcmRlbpoBI0NoWkRTVWhOTUc5blMwVkpRMEZuU1VSSk5TMTZVVkJCRUFF?hl=id"
657,D'Walik,"Jl. Veteran No.150-151, Pandeyan, Kec. Umbulharjo, Kota Yogyakarta, Daerah Istimewa Yogyakarta 55161",dematamuseum.com,"59MP+FJ Pandeyan, Yogyakarta City, Special Region of Yogyakarta",4.5,599,"https://www.google.com/maps/place/D'Walik/@-7.8102685,110.3581324,13z/data=!4m9!1m2!2m1!1sobjek+wisata+near+yogyakarta!3m5!1s0x2e7a570cc65299b9:0xea1b7a66a32bcb3a!8m2!3d-7.8163681!4d110.3866164!15sChxvYmplayB3aXNhdGEgbmVhciB5b2d5YWthcnRhWiwKDG9iamVrIHdpc2F0YSIcb2JqZWsgd2lzYXRhIG5lYXIgeW9neWFrYXJ0YZIBEnRvdXJpc3RfYXR0cmFjdGlvbpoBJENoZERTVWhOTUc5blMwVkpRMEZuU1VOSmJUbFFPSGxSUlJBQg?hl=id"
658,Pinus pengger Yogyakarta,"Jl. Dlingo-Patuk, Pantirejo, Terong, Dlingo, Bantul, Daerah Istimewa Yogyakarta 55783",,"4FH5+FV Terong, Bantul Regency, Special Region of Yogyakarta",4.6,601,"https://www.google.com/maps/place/Pinus+pengger+Yogyakarta/@-7.8172993,109.9866025,10z/data=!4m10!1m3!2m2!1sobjek+wisata+near+yogyakarta!6e1!3m5!1s0x2e7a51a0bf939a01:0x92a2242c20fb3f14!8m2!3d-7.8712723!4d110.459653!15sChxvYmplayB3aXNhdGEgbmVhciB5b2d5YWthcnRhWiwKDG9iamVrIHdpc2F0YSIcb2JqZWsgd2lzYXRhIG5lYXIgeW9neWFrYXJ0YZIBEnRvdXJpc3RfYXR0cmFjdGlvbg?hl=id"
659,Pantai Watu Kodok,"Kelor Kidul, Kemadang, Tanjungsari, Gunung Kidul Regency, Special Region of Yogyakarta 55881",,"VH7F+5V Kemadang, Gunung Kidul Regency, Special Region of Yogyakarta",4.6,605,"https://www.google.com/maps/place/Pantai+Watu+Kodok/@-8.1487828,110.315564,10z/data=!4m10!1m3!2m2!1sobjek+wisata+near+gunung+kidul!6e1!3m5!1s0x2e7bbbcfd6c5a261:0xe7b408d28d5cd6c7!8m2!3d-8.1370556!4d110.5746611!15sCh5vYmplayB3aXNhdGEgbmVhciBndW51bmcga2lkdWxaLgoMb2JqZWsgd2lzYXRhIh5vYmplayB3aXNhdGEgbmVhciBndW51bmcga2lkdWySARJ0b3VyaXN0X2F0dHJhY3Rpb26aASRDaGREU1VoTk1HOW5TMFZKUTBGblNVUjViRGczVW01QlJSQUI?hl=id"
660,Taman Bunga,"Gadungsari, Wonosari, Gunung Kidul Regency, Special Region of Yogyakarta 55851",,"2JM4+M8 Wonosari, Gunung Kidul Regency, Special Region of Yogyakarta",4.3,612,"https://www.google.com/maps/place/Taman+Bunga/@-8.033375,110.2787889,10z/data=!4m10!1m3!2m2!1sobjek+wisata+near+gunung+kidul!6e1!3m5!1s0x2e7bb35cc50a3d2d:0x27b4a20f57d383de!8m2!3d-7.9658554!4d110.6058317!15sCh5vYmplayB3aXNhdGEgbmVhciBndW51bmcga2lkdWxaLgoMb2JqZWsgd2lzYXRhIh5vYmplayB3aXNhdGEgbmVhciBndW51bmcga2lkdWySAQRwYXJrmgEjQ2haRFNVaE5NRzluUzBWSlEwRm5TVU41T1dWcWNWUm5FQUU?hl=id"
661,Puncak Widosari,"Tritis, Ngargosari, Tegalsari, Ngargosari, Samigaluh, Kabupaten Kulon Progo, Daerah Istimewa Yogyakarta 55673",johanfjr.com,"84RX+MG Ngargosari, Kulon Progo Regency, Special Region of Yogyakarta",4.6,614,"https://www.google.com/maps/place/Puncak+Widosari/@-7.8172993,109.9866025,10z/data=!4m10!1m3!2m2!1sobjek+wisata+near+yogyakarta!6e1!3m5!1s0x2e7af2a39a0f77ef:0xf43f0e20f44edb20!8m2!3d-7.6582569!4d110.1488034!15sChxvYmplayB3aXNhdGEgbmVhciB5b2d5YWthcnRhWiwKDG9iamVrIHdpc2F0YSIcb2JqZWsgd2lzYXRhIG5lYXIgeW9neWFrYXJ0YZIBEnRvdXJpc3RfYXR0cmFjdGlvbg?hl=id"
664,Desa Wisata Nglinggo,"Nglinggo Barat, Pagerharjo, Samigaluh, Kulon Progo Regency, Special Region of Yogyakarta 55673",facebook.com,"942R+WQ Pagerharjo, Kulon Progo Regency, Special Region of Yogyakarta",4.4,615,"https://www.google.com/maps/place/Desa+Wisata+Nglinggo/@-8.0212271,110.0486729,10z/data=!4m10!1m3!2m2!1sobjek+wisata+near+yogyakarta!6e1!3m5!1s0x2e7af2aa2491a3a7:0xd4870be02a70b93b!8m2!3d-7.647668!4d110.141878!15sChxvYmplayB3aXNhdGEgbmVhciB5b2d5YWthcnRhWiwKDG9iamVrIHdpc2F0YSIcb2JqZWsgd2lzYXRhIG5lYXIgeW9neWFrYXJ0YZIBEnRvdXJpc3RfYXR0cmFjdGlvbpoBI0NoWkRTVWhOTUc5blMwVkpRMEZuU1VSSmVIWnhhVXBCRUFF?hl=id"
667,Gereja Sayidan,"Prawirodirjan, Gondomanan, Yogyakarta City, Special Region of Yogyakarta 55131",,"59W9+HW Prawirodirjan, Yogyakarta City, Special Region of Yogyakarta",4.2,616,"https://www.google.com/maps/place/Gereja+Sayidan/@-7.809384,110.3235595,13z/data=!4m9!1m2!2m1!1sobjek+wisata+near+yogyakarta!3m5!1s0x2e7a57850056ca21:0xa8efa0b92ac530ca!8m2!3d-7.8035488!4d110.3698419!15sChxvYmplayB3aXNhdGEgbmVhciB5b2d5YWthcnRhWiwKDG9iamVrIHdpc2F0YSIcb2JqZWsgd2lzYXRhIG5lYXIgeW9neWFrYXJ0YZIBE2hpc3RvcmljYWxfbGFuZG1hcmuaASNDaFpEU1VoTk1HOW5TMFZKUTBGblNVTmpiR0V6UldSbkVBRQ?hl=id"
669,Seribu Batu Songgo Langit,"Jl. Hutan Pinus Nganjir, Sukorame, Mangunan, Dlingo, Bantul, Daerah Istimewa Yogyakarta 55783",,"3C9J+Q2 Mangunan, Bantul Regency, Special Region of Yogyakarta",4.6,624,"https://www.google.com/maps/place/Seribu+Batu+Songgo+Langit/@-7.8176686,109.9866108,10z/data=!4m10!1m3!2m2!1sobjek+wisata+near+sleman!6e1!3m5!1s0x2e7a531be5da247f:0x51f131c4dc279d01!8m2!3d-7.9305444!4d110.430086!15sChhvYmplayB3aXNhdGEgbmVhciBzbGVtYW5aKAoMb2JqZWsgd2lzYXRhIhhvYmplayB3aXNhdGEgbmVhciBzbGVtYW6SARJ0b3VyaXN0X2F0dHJhY3Rpb26aASNDaFpEU1VoTk1HOW5TMFZKUTBGblNVTTBlblJ5ZEUxM0VBRQ?hl=id"
670,Bale Banjar Sangkring,"Jl. Nitiprayan No.88, RT.01/RW.20, Sanggrahan, Ngestiharjo, Kec. Kasihan, Bantul, Daerah Istimewa Yogyakarta 55182",sangkringart.com,"58QV+36 Ngestiharjo, Bantul Regency, Special Region of Yogyakarta",4.6,625,"https://www.google.com/maps/place/Bale+Banjar+Sangkring/@-7.8172993,109.9866025,10z/data=!4m10!1m3!2m2!1sobjek+wisata+near+yogyakarta!6e1!3m5!1s0x2e7a57ef50b7c549:0x3114b1676c9b86ac!8m2!3d-7.8122881!4d110.3431484!15sChxvYmplayB3aXNhdGEgbmVhciB5b2d5YWthcnRhWiwKDG9iamVrIHdpc2F0YSIcb2JqZWsgd2lzYXRhIG5lYXIgeW9neWFrYXJ0YZIBC2FydF9nYWxsZXJ5?hl=id"
671,Curug Pulosari,"Krebet, Sendangsari, Pajangan, Krebet, Sendangsari, Kec. Bantul, Bantul, Daerah Istimewa Yogyakarta 55751",,"47QP+JR Sendangsari, Bantul Regency, Special Region of Yogyakarta",3.9,629,"https://www.google.com/maps/place/Curug+Pulosari/@-7.9413718,110.1445831,10z/data=!4m10!1m3!2m2!1sobjek+wisata+near+yogyakarta!6e1!3m5!1s0x2e7af8e8727beabb:0x84ae2bf74ae25510!8m2!3d-7.8609632!4d110.2870975!15sChxvYmplayB3aXNhdGEgbmVhciB5b2d5YWthcnRhWiwKDG9iamVrIHdpc2F0YSIcb2JqZWsgd2lzYXRhIG5lYXIgeW9neWFrYXJ0YZIBCXdhdGVyZmFsbJoBJENoZERTVWhOTUc5blMwVkpRMEZuU1VObmRrcFVSWFpCUlJBQg?hl=id"
673,Sabo Bronggang Argomulyo Cangkringan Sleman,"Suruh, Argomulyo, Cangkringan, Sleman Regency, Special Region of Yogyakarta 55583",instagram.com,"8FP7+CV Argomulyo, Sleman Regency, Special Region of Yogyakarta",4.5,638,"https://www.google.com/maps/place/Sabo+Bronggang+Argomulyo+Cangkringan+Sleman/@-7.9317561,110.1520157,10z/data=!4m10!1m3!2m2!1sobjek+wisata+near+yogyakarta!6e1!3m5!1s0x2e7a5dadb6432ec7:0xe2c171b429c1739d!8m2!3d-7.6639874!4d110.4646727!15sChxvYmplayB3aXNhdGEgbmVhciB5b2d5YWthcnRhWiwKDG9iamVrIHdpc2F0YSIcb2JqZWsgd2lzYXRhIG5lYXIgeW9neWFrYXJ0YZIBEnRvdXJpc3RfYXR0cmFjdGlvbg?hl=id"
675,EMBUNG JETIS SURUH,"JETIS SURUH, Kadilobo, Donoharjo, Kec. Ngaglik, Kabupaten Sleman, Daerah Istimewa Yogyakarta 55582",,"89GM+5R Donoharjo, Sleman Regency, Special Region of Yogyakarta",4.3,649,"https://www.google.com/maps/place/EMBUNG+JETIS+SURUH/@-7.8176686,109.9866108,10z/data=!4m10!1m3!2m2!1sobjek+wisata+near+sleman!6e1!3m5!1s0x2e7a5efed4d67c73:0xd16962a639fa8539!8m2!3d-7.6745388!4d110.3845035!15sChhvYmplayB3aXNhdGEgbmVhciBzbGVtYW5aKAoMb2JqZWsgd2lzYXRhIhhvYmplayB3aXNhdGEgbmVhciBzbGVtYW6SARJ0b3VyaXN0X2F0dHJhY3Rpb26aASRDaGREU1VoTk1HOW5TMFZKUTBGblNVUm5kM1ZFYlhsblJSQUI?hl=id"
676,Puncak Gebang,"Jl. Dadap Kulon, Tegalrejo, Bawuran, Kec. Pleret, Bantul, Daerah Istimewa Yogyakarta 55791",bawuran.bantulkab.go.id,"4CGC+2R Bawuran, Bantul Regency, Special Region of Yogyakarta",4.4,654,"https://www.google.com/maps/place/Puncak+Gebang/@-7.8172993,109.9866025,10z/data=!4m10!1m3!2m2!1sobjek+wisata+near+yogyakarta!6e1!3m5!1s0x2e7a56aa6dfded51:0x9899761d1890058c!8m2!3d-7.8749233!4d110.4221094!15sChxvYmplayB3aXNhdGEgbmVhciB5b2d5YWthcnRhWiwKDG9iamVrIHdpc2F0YSIcb2JqZWsgd2lzYXRhIG5lYXIgeW9neWFrYXJ0YZIBEG5hdGlvbmFsX3Jlc2VydmWaASRDaGREU1VoTk1HOW5TMFZKUTBGblNVUTRjV0pETlY5UlJSQUI?hl=id"
677,Embung Senja,"Jl. Sidomoyo Jl. Sendari, Sendon, Tirtoadi, Kec. Mlati, Kabupaten Sleman, Daerah Istimewa Yogyakarta 55",m.facebook.com,"786F+XR Tirtoadi, Sleman Regency, Special Region of Yogyakarta",4.3,654,"https://www.google.com/maps/place/Embung+Senja/@-7.8176686,109.9866108,10z/data=!4m10!1m3!2m2!1sobjek+wisata+near+sleman!6e1!3m5!1s0x2e7af6221f28814f:0xca017221d3c30833!8m2!3d-7.7375072!4d110.3245967!15sChhvYmplayB3aXNhdGEgbmVhciBzbGVtYW5aKAoMb2JqZWsgd2lzYXRhIhhvYmplayB3aXNhdGEgbmVhciBzbGVtYW6SARJ0b3VyaXN0X2F0dHJhY3Rpb26aASRDaGREU1VoTk1HOW5TMFZKUTBGblNVUjVOV0p0WldsQlJSQUI?hl=id"
678,Goa Kebon,"Dukuh VII, Krembangan, Kulon Progo, Kulon Progo Regency, Special Region of Yogyakarta 55655",krembanganpanjatan.blogspot.co.id,"457P+5M Krembangan, Kulon Progo Regency, Special Region of Yogyakarta",4.3,658,"https://www.google.com/maps/place/Goa+Kebon/@-7.8202403,110.0938245,10z/data=!4m9!1m2!2m1!1sobjek+wisata+near+kulon+progo!3m5!1s0x2e7afc8055555555:0xf5cfbfe59b9e076a!8m2!3d-7.8870828!4d110.1866704!15sCh1vYmplayB3aXNhdGEgbmVhciBrdWxvbiBwcm9nb1otCgxvYmplayB3aXNhdGEiHW9iamVrIHdpc2F0YSBuZWFyIGt1bG9uIHByb2dvkgESdG91cmlzdF9hdHRyYWN0aW9umgEjQ2haRFNVaE5NRzluUzBWSlEwRm5TVVJKTFdaeWVWcDNFQUU?hl=id"
679,Air Terjun Luweng Sampang Watery Curtains,"Jl. Juminahan, Kayen, Sampang, Gedang Sari, Kabupaten Gunung Kidul, Daerah Istimewa Yogyakarta 55863",g.page,"5HRC+3V Sampang, Gunung Kidul Regency, Special Region of Yogyakarta",4,659,"https://www.google.com/maps/place/Air+Terjun+Luweng+Sampang+Watery+Curtains/@-7.8172993,109.9866025,10z/data=!4m10!1m3!2m2!1sobjek+wisata+near+yogyakarta!6e1!3m5!1s0x2e7a57876d285fc7:0xcca955bfd64b840d!8m2!3d-7.8098127!4d110.5721563!15sChxvYmplayB3aXNhdGEgbmVhciB5b2d5YWthcnRhWiwKDG9iamVrIHdpc2F0YSIcb2JqZWsgd2lzYXRhIG5lYXIgeW9neWFrYXJ0YZIBEnRvdXJpc3RfYXR0cmFjdGlvbpoBI0NoWkRTVWhOTUc5blMwVkpRMEZuU1VSdk1reHVja0ZSRUFF?hl=id"
681,Bukit Turis,"Sendang Nglebak, Ngeblak, Krakitan, Kec. Bayat, Kabupaten Klaten, Jawa Tengah 57451",,"6JXC+PC Krakitan, Klaten Regency, Central Java",4.2,689,"https://www.google.com/maps/place/Bukit+Turis/@-7.8178533,109.9866149,10z/data=!4m10!1m3!2m2!1sobjek+wisata+near+gunung+kidul!6e1!3m5!1s0x2e7a4679b5463e1f:0x22f1fa0f200b3dd!8m2!3d-7.7506902!4d110.6210086!15sCh5vYmplayB3aXNhdGEgbmVhciBndW51bmcga2lkdWxaLgoMb2JqZWsgd2lzYXRhIh5vYmplayB3aXNhdGEgbmVhciBndW51bmcga2lkdWySARJ0b3VyaXN0X2F0dHJhY3Rpb24?hl=id"
682,Desa Wisata Tinalah (Dewi Tinalah - Wisata Jogja),"Jl. Persandian No.KM 5, Sendang Sari, Purwoharjo, Samigaluh, Kabupaten Kulon Progo, Daerah Istimewa Yogyakarta 55673",dewitinalah.com,"853W+Q9 Purwoharjo, Kulon Progo Regency, Special Region of Yogyakarta",4.3,699,"https://www.google.com/maps/place/Desa+Wisata+Tinalah+(Dewi+Tinalah+-+Wisata+Jogja)/@-7.8202403,110.0938245,10z/data=!4m10!1m3!2m2!1sobjek+wisata+near+kulon+progo!6e1!3m5!1s0x2e7af3b13bb16b67:0x38645b0e62fb3f6e!8m2!3d-7.6955738!4d110.195883!15sCh1vYmplayB3aXNhdGEgbmVhciBrdWxvbiBwcm9nb0jP2Kuc96qAgAhaLQoMb2JqZWsgd2lzYXRhIh1vYmplayB3aXNhdGEgbmVhciBrdWxvbiBwcm9nb2ILCdsFkwWLculWEAKSARJ0b3VyaXN0X2F0dHJhY3Rpb26aASRDaGREU1VoTk1HOW5TMFZKUTBGblNVUkpOalZVWVRsQlJSQUI?hl=id"
684,Jeep Lava Tour Merapi MGM Adventure,"Museum Gunung Api Merapi, Jl. Kaliurang Km. 22,7, Hargobinangun, Pakem, Banteng, Hargobinangun, Kec. Pakem, Kabupaten Sleman, Daerah Istimewa Yogyakarta 55582",jeeplavatour.com,"9CJF+XG Hargobinangun, Sleman Regency, Special Region of Yogyakarta",4.6,700,"https://www.google.com/maps/place/Jeep+Lava+Tour+Merapi+MGM+Adventure/@-7.8288555,110.0993364,10z/data=!4m10!1m3!2m2!1sobjek+wisata+near+sleman!6e1!3m5!1s0x2e7a60b28dbf7657:0x7d96d78783adf078!8m2!3d-7.6174654!4d110.423858!15sChhvYmplayB3aXNhdGEgbmVhciBzbGVtYW6SARFjYXJfcmVudGFsX2FnZW5jeQ?hl=id"
685,Jembatan Progo,"Jl. Jemb. Srandakan II, Kutan, Brosot, Kec. Galur, Kabupaten Kulon Progo, Daerah Istimewa Yogyakarta 55661",,"366R+7X Brosot, Kulon Progo Regency, Special Region of Yogyakarta",4.5,706,"https://www.google.com/maps/place/Jembatan+Progo/@-7.8202403,110.0938245,10z/data=!4m10!1m3!2m2!1sobjek+wisata+near+kulon+progo!6e1!3m5!1s0x2e7afe712522fdcd:0xc0baacc7c0ffb44!8m2!3d-7.939368!4d110.2424159!15sCh1vYmplayB3aXNhdGEgbmVhciBrdWxvbiBwcm9nb1otCgxvYmplayB3aXNhdGEiHW9iamVrIHdpc2F0YSBuZWFyIGt1bG9uIHByb2dvkgEGYnJpZGdlmgEjQ2haRFNVaE5NRzluUzBWSlEwRm5TVU0wZGpsbWRrMTNFQUU?hl=id"
686,Setren Opak,"Karangploso, Sitimulyo, Piyungan, Bantul Regency, Special Region of Yogyakarta 55792",setrenopak.com,"5C5W+HQ Sitimulyo, Bantul Regency, Special Region of Yogyakarta",4.4,706,"https://www.google.com/maps/place/Setren+Opak/@-7.9401065,110.1498548,10z/data=!4m13!1m3!2m2!1sobjek+wisata+near+sleman!6e1!3m8!1s0x2e7a51332fe2e413:0x7d2027d044f90a46!5m2!4m1!1i2!8m2!3d-7.8411009!4d110.4468827!15sChhvYmplayB3aXNhdGEgbmVhciBzbGVtYW5aKAoMb2JqZWsgd2lzYXRhIhhvYmplayB3aXNhdGEgbmVhciBzbGVtYW6SARJ0b3VyaXN0X2F0dHJhY3Rpb26aASNDaFpEU1VoTk1HOW5TMFZKUTBGblNVTnpjbDk1Ym1GQkVBRQ?hl=id"
687,Desa Wisata Gerabah Kasongan,"Jl. Kasongan No.3, Kajen, Bangunjiwo, Kec. Kasihan, Bantul, Daerah Istimewa Yogyakarta 55184",belajargerabah.blogspot.com,"583Q+R4 Bangunjiwo, Bantul Regency, Special Region of Yogyakarta",4.5,709,"https://www.google.com/maps/place/Desa+Wisata+Gerabah+Kasongan/@-7.8172993,109.9866025,10z/data=!4m10!1m3!2m2!1sobjek+wisata+near+yogyakarta!6e1!3m5!1s0x2e7a562ec443e609:0xdd8f6df4e1b97dfc!8m2!3d-7.8454939!4d110.3378442!15sChxvYmplayB3aXNhdGEgbmVhciB5b2d5YWthcnRhWiwKDG9iamVrIHdpc2F0YSIcb2JqZWsgd2lzYXRhIG5lYXIgeW9neWFrYXJ0YZIBEnRvdXJpc3RfYXR0cmFjdGlvbpoBJENoZERTVWhOTUc5blMwVkpRMEZuU1VOTGRYSlRPWEZSUlJBQg?hl=id"
688,Kawasan Ekowisata Gunung Api Purba Nglanggeran,"Nglanggeran Wetan, Nglanggeran, Patuk, Gunung Kidul Regency, Special Region of Yogyakarta 55862",gunungapipurba.com,"5G5R+6J Nglanggeran, Gunung Kidul Regency, Special Region of Yogyakarta",4.5,709,"https://www.google.com/maps/place/Kawasan+Ekowisata+Gunung+Api+Purba+Nglanggeran/@-8.1709605,110.3720168,10z/data=!4m9!1m2!2m1!1sobjek+wisata+near+gunung+kidul!3m5!1s0x2e7a51efde7a9e5f:0x64aa1bf07f3811d8!8m2!3d-7.841986!4d110.5415759!15sCh5vYmplayB3aXNhdGEgbmVhciBndW51bmcga2lkdWxaLgoMb2JqZWsgd2lzYXRhIh5vYmplayB3aXNhdGEgbmVhciBndW51bmcga2lkdWySARJ0b3VyaXN0X2F0dHJhY3Rpb26aASNDaFpEU1VoTk1HOW5TMFZKUTBGblNVUkJhRFZ4Y1dWM0VBRQ?hl=id"
690,Water Byur Sumber Ponjong,"Kompleks Sumber Ponjong, Ponjong, Kabupaten Gunung Kidul, Daerah Istimewa Yogyakarta 55892",ponjong.com,"2P97+6V Ponjong, Gunung Kidul Regency, Special Region of Yogyakarta",4.2,717,"https://www.google.com/maps/place/Water+Byur+Sumber+Ponjong/@-8.1292459,110.2760688,10z/data=!4m10!1m3!2m2!1sobjek+wisata+near+gunung+kidul!6e1!3m5!1s0x2e7bca80522f06a7:0x112ba839222f87bb!8m2!3d-7.9819152!4d110.7146311!15sCh5vYmplayB3aXNhdGEgbmVhciBndW51bmcga2lkdWxaLgoMb2JqZWsgd2lzYXRhIh5vYmplayB3aXNhdGEgbmVhciBndW51bmcga2lkdWySARJ0b3VyaXN0X2F0dHJhY3Rpb26aASRDaGREU1VoTk1HOW5TMFZKUTBGblNVTlJibVJMVlRaUlJSQUI?hl=id"
691,Goa Rancang Kencono,"Mungguran II, Bleberan, Playen, Gunung Kidul Regency, Special Region of Yogyakarta 55861",,"3F2V+73 Bleberan, Gunung Kidul Regency, Special Region of Yogyakarta",4.3,717,"https://www.google.com/maps/place/Goa+Rancang+Kencono/@-8.0281562,110.3581793,10z/data=!4m9!1m2!2m1!1sobjek+wisata+near+gunung+kidul!3m5!1s0x2e7a52cb7e44f3d9:0xd5a8cbc5324693be!8m2!3d-7.9492612!4d110.4926511!15sCh5vYmplayB3aXNhdGEgbmVhciBndW51bmcga2lkdWxaLgoMb2JqZWsgd2lzYXRhIh5vYmplayB3aXNhdGEgbmVhciBndW51bmcga2lkdWySARJ0b3VyaXN0X2F0dHJhY3Rpb26aASRDaGREU1VoTk1HOW5TMFZKUTBGblNVTkxNWEV6UW5oUlJSQUI?hl=id"
692,Sumur Gumuling,"Patehan, Kraton, Yogyakarta City, Special Region of Yogyakarta 55133",,"59R5+FM Patehan, Yogyakarta City, Special Region of Yogyakarta",4.5,719,"https://www.google.com/maps/place/Sumur+Gumuling/@-7.8102685,110.3581324,13z/data=!4m9!1m2!2m1!1sobjek+wisata+near+yogyakarta!3m5!1s0x2e7a57923629e73f:0x37e7bf3ffb499b50!8m2!3d-7.8087911!4d110.3591825!15sChxvYmplayB3aXNhdGEgbmVhciB5b2d5YWthcnRhWiwKDG9iamVrIHdpc2F0YSIcb2JqZWsgd2lzYXRhIG5lYXIgeW9neWFrYXJ0YZIBE2hpc3RvcmljYWxfbGFuZG1hcmuaASRDaGREU1VoTk1HOW5TMFZKUTBGblNVTkpNR1J1VW14blJSQUI?hl=id"
693,Puncak Gunung Api Purba (Nglanggeran),"Nglanggeran Wetan, Nglanggeran, Patuk, Gunung Kidul Regency, Special Region of Yogyakarta 55862",gunungapipurba.com,"5G5V+F6 Nglanggeran, Gunung Kidul Regency, Special Region of Yogyakarta",4.7,727,"https://www.google.com/maps/place/Puncak+Gunung+Api+Purba+(Nglanggeran)/@-7.9410486,110.1445762,10z/data=!4m10!1m3!2m2!1sobjek+wisata+near+yogyakarta!6e1!3m5!1s0x2e7a4e38f83f8387:0x7b1869f5bef5b000!8m2!3d-7.841253!4d110.543056!15sChxvYmplayB3aXNhdGEgbmVhciB5b2d5YWthcnRhWiwKDG9iamVrIHdpc2F0YSIcb2JqZWsgd2lzYXRhIG5lYXIgeW9neWFrYXJ0YZIBD2Vjb2xvZ2ljYWxfcGFya5oBJENoZERTVWhOTUc5blMwVkpRMEZuU1VSTk9EWnlZakozUlJBQg?hl=id"
696,Umbul Saren,"Wedomartani, Ngemplak, Jl. Wonosari, Wonosari, Wedomartani, Sleman, Kabupaten Sleman, Daerah Istimewa Yogyakarta 55584",umbul-saren.business.site,"7CFM+P2 Wedomartani, Sleman Regency, Special Region of Yogyakarta",4.4,728,"https://www.google.com/maps/place/Umbul+Saren/@-8.0961535,110.1548969,10z/data=!4m10!1m3!2m2!1sobjek+wisata+near+yogyakarta!6e1!3m5!1s0x2e7a5be769747671:0xf9b183934385a402!8m2!3d-7.7256327!4d110.4325278!15sChxvYmplayB3aXNhdGEgbmVhciB5b2d5YWthcnRhWiwKDG9iamVrIHdpc2F0YSIcb2JqZWsgd2lzYXRhIG5lYXIgeW9neWFrYXJ0YZIBFHB1YmxpY19zd2ltbWluZ19wb29s?hl=id"
698,Grogol Tourism Village,"Grogol, Kadipiro, Margodadi, Kec. Seyegan, Kabupaten Sleman, Daerah Istimewa Yogyakarta 55561",desawisatagrogol.com,"7862+2X Margodadi, Sleman Regency, Special Region of Yogyakarta",4.3,728,"https://www.google.com/maps/place/Grogol+Tourism+Village/@-7.8176686,109.9866108,10z/data=!4m10!1m3!2m2!1sobjek+wisata+near+sleman!6e1!3m5!1s0x2e7af667b2b6e245:0xb4395f84bab885f2!8m2!3d-7.7399571!4d110.3024078!15sChhvYmplayB3aXNhdGEgbmVhciBzbGVtYW5aKAoMb2JqZWsgd2lzYXRhIhhvYmplayB3aXNhdGEgbmVhciBzbGVtYW6SARBuYXRpb25hbF9yZXNlcnZlmgEjQ2haRFNVaE5NRzluUzBWSlEwRm5TVVJSZWs5VGFGRlJFQUU?hl=id"
700,Museum Kereta Karaton,"Jl. Rotowijayan, Kadipaten, Kecamatan Kraton, Kota Yogyakarta, Daerah Istimewa Yogyakarta 55132",kratonjogja.id,"59V7+R3 Kadipaten, Yogyakarta City, Special Region of Yogyakarta",4.7,735,"https://www.google.com/maps/place/Museum+Kereta+Karaton/@-7.8155913,110.3346965,12z/data=!4m10!1m3!2m2!1sobjek+wisata+near+yogyakarta!6e1!3m5!1s0x2e7a578e39a1cabb:0x3fd2057b8163d7e6!8m2!3d-7.8054506!4d110.3628278!15sChxvYmplayB3aXNhdGEgbmVhciB5b2d5YWthcnRhWiwKDG9iamVrIHdpc2F0YSIcb2JqZWsgd2lzYXRhIG5lYXIgeW9neWFrYXJ0YZIBDmhpc3RvcnlfbXVzZXVtmgEjQ2haRFNVaE5NRzluUzBWSlEwRm5TVU5WZEdKZlZrUkJFQUU?hl=id"
701,Jogja Exotarium Mini Zoo,"Magelang St No.Km.8, RW.12, Mulungan Kulon, Sendangadi, Mlati, Sleman Regency, Special Region of Yogyakarta 55285",jogjaexotarium.com,"79C5+8V Sendangadi, Sleman Regency, Special Region of Yogyakarta",4.4,742,"https://www.google.com/maps/place/Jogja+Exotarium+Mini+Zoo/@-7.7900282,110.2961221,12z/data=!4m10!1m3!2m2!1sobjek+wisata+near+yogyakarta!6e1!3m5!1s0x2e7a58c6bcc7c0c7:0xb9ffae44fa6180c3!8m2!3d-7.7291587!4d110.3596787!15sChxvYmplayB3aXNhdGEgbmVhciB5b2d5YWthcnRhWiwKDG9iamVrIHdpc2F0YSIcb2JqZWsgd2lzYXRhIG5lYXIgeW9neWFrYXJ0YZIBA3pvb5oBI0NoWkRTVWhOTUc5blMwVkpRMEZuU1VRd2FXUXlUMWhCRUFF?hl=id"
704,Taman Lampion,"Jl. Ring Road Utara, Waras, Sinduadi, Kec. Mlati, Kabupaten Sleman, Daerah Istimewa Yogyakarta 55284",,"69X9+VW Sinduadi, Sleman Regency, Special Region of Yogyakarta",4.3,757,"https://www.google.com/maps/place/Taman+Lampion/@-7.7900282,110.2961221,12z/data=!4m10!1m3!2m2!1sobjek+wisata+near+yogyakarta!6e1!3m5!1s0x2e7a58f976fe0117:0x6157f20b2ae52174!8m2!3d-7.7503631!4d110.3698154!15sChxvYmplayB3aXNhdGEgbmVhciB5b2d5YWthcnRhWiwKDG9iamVrIHdpc2F0YSIcb2JqZWsgd2lzYXRhIG5lYXIgeW9neWFrYXJ0YZIBEnRvdXJpc3RfYXR0cmFjdGlvbpoBJENoZERTVWhOTUc5blMwVkpRMEZuU1VOVmNFcFVaVGxSUlJBQg?hl=id"
707,Omah Petroek,"Pakem, Wonorejo, Hargobinangun, Sleman, Kabupaten Sleman, Daerah Istimewa Yogyakarta 55582",facebook.com,"9CH8+64 Hargobinangun, Sleman Regency, Special Region of Yogyakarta",4.6,759,"https://www.google.com/maps/place/Omah+Petroek/@-7.9456084,110.1605478,10z/data=!4m10!1m3!2m2!1sobjek+wisata+near+yogyakarta!6e1!3m5!1s0x2e7a60af743ec939:0x9a0ed6d441948799!8m2!3d-7.6219947!4d110.4153359!15sChxvYmplayB3aXNhdGEgbmVhciB5b2d5YWthcnRhWiwKDG9iamVrIHdpc2F0YSIcb2JqZWsgd2lzYXRhIG5lYXIgeW9neWFrYXJ0YZIBEnRvdXJpc3RfYXR0cmFjdGlvbpoBI0NoWkRTVWhOTUc5blMwVkpRMEZuU1VSSmFYVmZTazVuRUFF?hl=id"
709,Pantai Congot,"Sangkaran, Jangkaran, Temon, Kulon Progo Regency, Special Region of Yogyakarta 55654",,"422M+3G Jangkaran, Kulon Progo Regency, Special Region of Yogyakarta",4.1,770,"https://www.google.com/maps/place/Pantai+Congot/@-7.8202403,110.0938245,10z/data=!4m9!1m2!2m1!1sobjek+wisata+near+kulon+progo!3m5!1s0x2e7ae14deeee149f:0x559a29d5316285f!8m2!3d-7.899854!4d110.0338496!15sCh1vYmplayB3aXNhdGEgbmVhciBrdWxvbiBwcm9nb1otCgxvYmplayB3aXNhdGEiHW9iamVrIHdpc2F0YSBuZWFyIGt1bG9uIHByb2dvkgESdG91cmlzdF9hdHRyYWN0aW9umgEkQ2hkRFNVaE5NRzluUzBWSlEwRm5TVU5CY0c5cFluWjNSUkFC?hl=id"
710,Baron Techno Park BPPT,"Ngresik, Kanigoro, Sapto Sari, Ngresik, Kanigoro, Sapto Sari, Kabupaten Gunung Kidul, Daerah Istimewa Yogyakarta 55871",btp.b2tke.bppt.go.id,"VG9V+2F Kanigoro, Gunung Kidul Regency, Special Region of Yogyakarta",4.4,775,"https://www.google.com/maps/place/Baron+Techno+Park+BPPT/@-8.1801139,110.3962117,10z/data=!4m10!1m3!2m2!1sobjek+wisata+near+gunung+kidul!6e1!3m5!1s0x2e7bbabe75831b6d:0x444df428f5828720!8m2!3d-8.1323641!4d110.5436889!15sCh5vYmplayB3aXNhdGEgbmVhciBndW51bmcga2lkdWySARRzb2xhcl9lbmVyZ3lfY29tcGFueQ?hl=id"
714,Bentara Budaya Yogyakarta (BBY),"Jl. Suroto No.2, Kotabaru, Kec. Gondokusuman, Kota Yogyakarta, Daerah Istimewa Yogyakarta 55224",bentarabudaya.com,"697F+PV Kotabaru, Yogyakarta City, Special Region of Yogyakarta",4.5,785,"https://www.google.com/maps/place/Bentara+Budaya+Yogyakarta+(BBY)/@-7.9410486,110.1445762,10z/data=!4m10!1m3!2m2!1sobjek+wisata+near+yogyakarta!6e1!3m5!1s0x2e7a583243c99907:0x1f679cc2cf3c3e82!8m2!3d-7.7857223!4d110.3746845!15sChxvYmplayB3aXNhdGEgbmVhciB5b2d5YWthcnRhWiwKDG9iamVrIHdpc2F0YSIcb2JqZWsgd2lzYXRhIG5lYXIgeW9neWFrYXJ0YZIBCmFydF9jZW50ZXKaASRDaGREU1VoTk1HOW5TMFZKUTBGblNVUm5NR1ZIZURSM1JSQUI?hl=id"
716,Geoforest Watu Payung Turunan,"Turunan, Girisuko, Panggang, Gunung Kidul Regency, Special Region of Yogyakarta 55872",,"2CGP+7H Girisuko, Gunung Kidul Regency, Special Region of Yogyakarta",4.5,788,"https://www.google.com/maps/place/Geoforest+Watu+Payung+Turunan/@-7.974294,110.1562849,10z/data=!4m10!1m3!2m2!1sobjek+wisata+near+gunung+kidul!6e1!3m5!1s0x2e7bac8c00000001:0x963f619d5a0fdba0!8m2!3d-7.974294!4d110.4364363!15sCh5vYmplayB3aXNhdGEgbmVhciBndW51bmcga2lkdWxaLgoMb2JqZWsgd2lzYXRhIh5vYmplayB3aXNhdGEgbmVhciBndW51bmcga2lkdWySARJ0b3VyaXN0X2F0dHJhY3Rpb26aASRDaGREU1VoTk1HOW5TMFZKUTBGblNVTkJPQzF5TFhCQlJSQUI?hl=id"
717,Pasar Kembang,"Jl. Ps. Kembang, Sosromenduran, Gedong Tengen, Kota Yogyakarta, Daerah Istimewa Yogyakarta 55271",jogjakota.go.id,"6968+22 Sosromenduran, Yogyakarta City, Special Region of Yogyakarta",4.2,793,"https://www.google.com/maps/place/Pasar+Kembang/@-7.7899242,110.2950831,12z/data=!4m10!1m3!2m2!1sobjek+wisata+near+yogyakarta!6e1!3m5!1s0x2e7a5825cebc3af7:0xc2fe88eb984ceaa7!8m2!3d-7.7899242!4d110.3651209!15sChxvYmplayB3aXNhdGEgbmVhciB5b2d5YWthcnRhWiwKDG9iamVrIHdpc2F0YSIcb2JqZWsgd2lzYXRhIG5lYXIgeW9neWFrYXJ0YZIBEnRvdXJpc3RfYXR0cmFjdGlvbpoBJENoZERTVWhOTUc5blMwVkpRMEZuU1VSWmQweDZVREZCUlJBQg?hl=id"
719,Museum Karst Indonesia,"Mudal, Gebangharjo, Pracimantoro, Wonogiri Regency, Central Java 57664",,"XQ5M+C7 Gebangharjo, Wonogiri Regency, Central Java",4.2,807,"https://www.google.com/maps/place/Museum+Karst+Indonesia/@-8.1801139,110.3962117,10z/data=!4m10!1m3!2m2!1sobjek+wisata+near+gunung+kidul!6e1!3m5!1s0x2e7bc96aa481de0b:0x54bda4a6157125d4!8m2!3d-8.0414635!4d110.7831914!15sCh5vYmplayB3aXNhdGEgbmVhciBndW51bmcga2lkdWxaLgoMb2JqZWsgd2lzYXRhIh5vYmplayB3aXNhdGEgbmVhciBndW51bmcga2lkdWySAQZtdXNldW0?hl=id"
720,Museum Perjuangan,"Jl. Kolonel Sugiyono No.24, Brontokusuman, Kec. Mergangsan, Kota Yogyakarta, Daerah Istimewa Yogyakarta 55153",perjuangan.museumjogja.org,"59MC+CP Brontokusuman, Yogyakarta City, Special Region of Yogyakarta",4.5,832,"https://www.google.com/maps/place/Museum+Perjuangan/@-7.8172993,109.9866025,10z/data=!4m10!1m3!2m2!1sobjek+wisata+near+yogyakarta!6e1!3m5!1s0x2e7a5798b77b074f:0x6c69556d4022dc2c!8m2!3d-7.8163128!4d110.3718774!15sChxvYmplayB3aXNhdGEgbmVhciB5b2d5YWthcnRhWiwKDG9iamVrIHdpc2F0YSIcb2JqZWsgd2lzYXRhIG5lYXIgeW9neWFrYXJ0YZIBBm11c2V1bZoBI0NoWkRTVWhOTUc5blMwVkpRMEZuU1VRd2MzUlBSMEYzRUFF?hl=id"
722,Alun Alun Selatan Yogyakarta,"Jl. Gading, Patehan, Kecamatan Kraton, Kota Yogyakarta, Daerah Istimewa Yogyakarta 55133",,"59Q7+77 Patehan, Yogyakarta City, Special Region of Yogyakarta",4.6,835,"https://www.google.com/maps/place/Alun+Alun+Selatan+Yogyakarta/@-7.809384,110.3235595,13z/data=!4m9!1m2!2m1!1sobjek+wisata+near+yogyakarta!3m5!1s0x2e7a5796ef87e2f9:0xe1c66b49da06029d!8m2!3d-7.8118473!4d110.3631645!15sChxvYmplayB3aXNhdGEgbmVhciB5b2d5YWthcnRhWiwKDG9iamVrIHdpc2F0YSIcb2JqZWsgd2lzYXRhIG5lYXIgeW9neWFrYXJ0YZIBEnRvdXJpc3RfYXR0cmFjdGlvbpoBI0NoWkRTVWhOTUc5blMwVkpRMEZuU1VOSmJXRnhTa1ozRUFF?hl=id"
725,Kembang Arum Tourism Village,"Kembangarum 13, Donokerto, Turi, Wetan Kali, Donokerto, Kec. Turi, Kabupaten Sleman, Daerah Istimewa Yogyakarta 55551",,"89VG+HV Donokerto, Sleman Regency, Special Region of Yogyakarta",4.4,838,"https://www.google.com/maps/place/Kembang+Arum+Tourism+Village/@-7.8176686,109.9866108,10z/data=!4m9!1m2!2m1!1sobjek+wisata+near+sleman!3m5!1s0x2e7a5fb4a278b607:0x1d85349bbef2f8!8m2!3d-7.6560902!4d110.3771816!15sChhvYmplayB3aXNhdGEgbmVhciBzbGVtYW5aKAoMb2JqZWsgd2lzYXRhIhhvYmplayB3aXNhdGEgbmVhciBzbGVtYW6SARJ0b3VyaXN0X2F0dHJhY3Rpb26aASRDaGREU1VoTk1HOW5TMFZKUTBGblNVTm5jMTkyVVhkQlJSQUI?hl=id"
726,Desa Wisata Gamplong,"Gamplong,, Moyudan, Dukuh, Sumberrahayu, Kec. Moyudan, Kabupaten Sleman, Daerah Istimewa Yogyakarta 55563",,"56VP+QX Sumberrahayu, Sleman Regency, Special Region of Yogyakarta",4.4,839,"https://www.google.com/maps/place/Desa+Wisata+Gamplong/@-7.8172993,109.9866025,10z/data=!4m10!1m3!2m2!1sobjek+wisata+near+yogyakarta!6e1!3m5!1s0x2e7af9ff0e7b2051:0x5f140fe81056e3f0!8m2!3d-7.8055232!4d110.2374676!15sChxvYmplayB3aXNhdGEgbmVhciB5b2d5YWthcnRhWiwKDG9iamVrIHdpc2F0YSIcb2JqZWsgd2lzYXRhIG5lYXIgeW9neWFrYXJ0YZIBEnRvdXJpc3RfYXR0cmFjdGlvbpoBJENoZERTVWhOTUc5blMwVkpRMEZuU1VORGFrdDVVSFJSUlJBQg?hl=id"
731,Kantor Desa Wisata Pentingsari,"Pentingsari, Umbulharjo, Cangkringan, Sleman Regency, Special Region of Yogyakarta 55583",desawisatapentingsari.com,"9C4H+QR Umbulharjo, Sleman Regency, Special Region of Yogyakarta",4.4,851,"https://www.google.com/maps/place/Kantor+Desa+Wisata+Pentingsari/@-8.0281562,110.3581793,10z/data=!4m10!1m3!2m2!1sobjek+wisata+near+sleman!6e1!3m5!1s0x2e7a5de3a525c159:0xf67c163f17bf42f9!8m2!3d-7.6430482!4d110.4296003!15sChhvYmplayB3aXNhdGEgbmVhciBzbGVtYW5aKAoMb2JqZWsgd2lzYXRhIhhvYmplayB3aXNhdGEgbmVhciBzbGVtYW6SARJ0b3VyaXN0X2F0dHJhY3Rpb26aASRDaGREU1VoTk1HOW5TMFZKUTBGblNVUXdkbVZVUVRkM1JSQUI?hl=id"
732,Terminal Baru Semin,"Tukluk, Semin, Gunung Kidul Regency, Special Region of Yogyakarta 55854",,"4PJM+X6 Semin, Gunung Kidul Regency, Special Region of Yogyakarta",4.3,867,"https://www.google.com/maps/place/Terminal+Baru+Semin/@-8.1902176,110.4302258,10z/data=!4m10!1m3!2m2!1sobjek+wisata+near+gunung+kidul!6e1!3m5!1s0x2e7a35e655373481:0xbb4df8f2daff7c7c!8m2!3d-7.8675725!4d110.733067!15sCh5vYmplayB3aXNhdGEgbmVhciBndW51bmcga2lkdWxaLgoMb2JqZWsgd2lzYXRhIh5vYmplayB3aXNhdGEgbmVhciBndW51bmcga2lkdWySARJ0b3VyaXN0X2F0dHJhY3Rpb24?hl=id"
733,Pojok Benteng Wetan,"Jl. Sisingamangaraja, Keparakan, Kec. Mergangsan, Kota Yogyakarta, Daerah Istimewa Yogyakarta 55131",,"59P9+58 Keparakan, Yogyakarta City, Special Region of Yogyakarta",4.5,897,"https://www.google.com/maps/place/Pojok+Benteng+Wetan/@-7.8172993,109.9866025,10z/data=!4m10!1m3!2m2!1sobjek+wisata+near+yogyakarta!6e1!3m5!1s0x2e7a579845ca4fd7:0x10d0c2e0005c889d!8m2!3d-7.8145356!4d110.3684774!15sChxvYmplayB3aXNhdGEgbmVhciB5b2d5YWthcnRhWiwKDG9iamVrIHdpc2F0YSIcb2JqZWsgd2lzYXRhIG5lYXIgeW9neWFrYXJ0YZIBE2hpc3RvcmljYWxfbGFuZG1hcmuaASNDaFpEU1VoTk1HOW5TMFZKUTBGblNVTlROamR5UjBabkVBRQ?hl=id"
735,Gondang Winangoen,"Jl. Raya Solo - Yogyakarta KM.25, Karang Asem, Plawikan, Kec. Jogonalan, Kabupaten Klaten, Jawa Tengah 57452",,"7HH6+58 Plawikan, Klaten Regency, Central Java",4.2,898,"https://www.google.com/maps/place/Gondang+Winangoen/@-7.8176686,109.9866108,10z/data=!4m10!1m3!2m2!1sobjek+wisata+near+sleman!6e1!3m5!1s0x2e7a448d00f78c17:0xbdff0a3ae9ab6c77!8m2!3d-7.7220447!4d110.5607971!15sChhvYmplayB3aXNhdGEgbmVhciBzbGVtYW5aKAoMb2JqZWsgd2lzYXRhIhhvYmplayB3aXNhdGEgbmVhciBzbGVtYW6SAQZtdXNldW0?hl=id"
736,Pemandian Air Panas Parang Wedang,"Jl. Parangtritis, Pantai, Parangtritis, Bantul, Daerah Istimewa Yogyakarta 55772",,"X8HH+GG Parangtritis, Bantul Regency, Special Region of Yogyakarta",4.2,907,"https://www.google.com/maps/place/Pemandian+Air+Panas+Parang+Wedang/@-7.9693007,110.3114732,10z/data=!4m10!1m3!2m2!1sobjek+wisata+near+gunung+kidul!6e1!3m5!1s0x2e7b009e44fadf69:0xfbb945e8041dfa2f!8m2!3d-8.0212271!4d110.3288243!15sCh5vYmplayB3aXNhdGEgbmVhciBndW51bmcga2lkdWxaLgoMb2JqZWsgd2lzYXRhIh5vYmplayB3aXNhdGEgbmVhciBndW51bmcga2lkdWySARJ0b3VyaXN0X2F0dHJhY3Rpb26aASRDaGREU1VoTk1HOW5TMFZKUTBGblNVUlpaelptYVY5blJSQUI?hl=id"
738,Embung Kaliaji,"WONOKERTO, TURI, SLEMAN, RT.003/RW.028, Sangurejo, Donokerto, Kec. Turi, Kabupaten Sleman, Daerah Istimewa Yogyakarta 55551",embungkaliaji.blogspot.co.id,"992G+QG Donokerto, Sleman Regency, Special Region of Yogyakarta",4.4,918,"https://www.google.com/maps/place/Embung+Kaliaji/@-7.8176686,109.9866108,10z/data=!4m10!1m3!2m2!1sobjek+wisata+near+sleman!6e1!3m5!1s0x2e7a5fcb06b74de1:0x145b490faec18208!8m2!3d-7.6480646!4d110.3762805!15sChhvYmplayB3aXNhdGEgbmVhciBzbGVtYW5aKAoMb2JqZWsgd2lzYXRhIhhvYmplayB3aXNhdGEgbmVhciBzbGVtYW6SARJ0b3VyaXN0X2F0dHJhY3Rpb26aASRDaGREU1VoTk1HOW5TMFZKUTBGblNVUXdYM0F0Y0doUlJSQUI?hl=id"
740,Candi Sari,"Candisari, Bendan, Tirtomartani, Kec. Kalasan, Kabupaten Sleman, Daerah Istimewa Yogyakarta 55571",,"6FQF+9P Tirtomartani, Sleman Regency, Special Region of Yogyakarta",4.5,930,"https://www.google.com/maps/place/Candi+Sari/@-7.9401065,110.1498548,10z/data=!4m10!1m3!2m2!1sobjek+wisata+near+sleman!6e1!3m5!1s0x2e7a5af7df5430e3:0x6c8161c1354f3ac7!8m2!3d-7.7615257!4d110.4743236!15sChhvYmplayB3aXNhdGEgbmVhciBzbGVtYW5aKAoMb2JqZWsgd2lzYXRhIhhvYmplayB3aXNhdGEgbmVhciBzbGVtYW6SAQ9idWRkaGlzdF90ZW1wbGWaASNDaFpEU1VoTk1HOW5TMFZKUTBGblNVUkpkWE55WlZSUkVBRQ?hl=id"
741,Goa Seplawan,"Katerban, Donorejo, Kaligesing, Purworejo Regency, Central Java 54175",,"64G6+R4 Donorejo, Purworejo Regency, Central Java",4.5,943,"https://www.google.com/maps/place/Goa+Seplawan/@-7.8202403,110.0938245,10z/data=!4m10!1m3!2m2!1sobjek+wisata+near+kulon+progo!6e1!3m5!1s0x2e7aefb154780c35:0x8bc06d0acd9a3125!8m2!3d-7.772978!4d110.1102509!15sCh1vYmplayB3aXNhdGEgbmVhciBrdWxvbiBwcm9nb1otCgxvYmplayB3aXNhdGEiHW9iamVrIHdpc2F0YSBuZWFyIGt1bG9uIHByb2dvkgESdG91cmlzdF9hdHRyYWN0aW9umgEjQ2haRFNVaE5NRzluUzBWSlEwRm5TVU52ZUZsSVRGcFJFQUU?hl=id"
742,Hutan Pinus Kalilo,"Kalilo, Tlogoguwo, Kaligesing, Purworejo Regency, Central Java 54175",kalilo.adikarta.net,"64X9+5M Tlogoguwo, Purworejo Regency, Central Java",4.4,959,"https://www.google.com/maps/place/Hutan+Pinus+Kalilo/@-7.8176686,109.9866108,10z/data=!4m10!1m3!2m2!1sobjek+wisata+near+sleman!6e1!3m5!1s0x2e7aee38d68bc073:0xe50ff30870314401!8m2!3d-7.7520056!4d110.1192097!15sChhvYmplayB3aXNhdGEgbmVhciBzbGVtYW5aKAoMb2JqZWsgd2lzYXRhIhhvYmplayB3aXNhdGEgbmVhciBzbGVtYW6SAQ9uYXRpb25hbF9mb3Jlc3Q?hl=id"
745,"Gua Maria Tritis, Gunung Kidul (Saint Mary's Grotto - Tritis, Gunung Kidul Regency)","Jl. Sapto Sari, Dusun Bulu, Paliyan, Gn. Dowo, Giring, Paliyan, Kabupaten Gunung Kidul, Daerah Istimewa Yogyakarta 55871",guamariatritis.com,"WH84+WM Giring, Gunung Kidul Regency, Special Region of Yogyakarta",4.8,992,"https://www.google.com/maps/place/Gua+Maria+Tritis,+Gunung+Kidul+(Saint+Mary's+Grotto+-+Tritis,+Gunung+Kidul+Regency)/@-8.1515409,110.333134,10z/data=!4m10!1m3!2m2!1sobjek+wisata+near+gunung+kidul!6e1!3m5!1s0x2e7bb2283a2f8c8f:0x6267fb577e9773c8!8m2!3d-8.0826517!4d110.5567037!15sCh5vYmplayB3aXNhdGEgbmVhciBndW51bmcga2lkdWxaLgoMb2JqZWsgd2lzYXRhIh5vYmplayB3aXNhdGEgbmVhciBndW51bmcga2lkdWySARFwaWxncmltYWdlc19wbGFjZZoBJENoZERTVWhOTUc5blMwVkpRMEZuU1VSTk9EUk1OWEpuUlJBQg?hl=id"
746,Gua Pindul Kedung Gupit,"Karang Lor, Bejiharjo, Karangmojo, Gunung Kidul Regency, Special Region of Yogyakarta 55891",,"3J3W+W2 Bejiharjo, Gunung Kidul Regency, Special Region of Yogyakarta",4.4,997,"https://www.google.com/maps/place/Gua+Pindul+Kedung+Gupit/@-8.1861596,110.4115274,10z/data=!4m10!1m3!2m2!1sobjek+wisata+near+gunung+kidul!6e1!3m5!1s0x2e7a4b404cfb461f:0x7e74b92616a96a64!8m2!3d-7.9451957!4d110.645003!15sCh5vYmplayB3aXNhdGEgbmVhciBndW51bmcga2lkdWxaLgoMb2JqZWsgd2lzYXRhIh5vYmplayB3aXNhdGEgbmVhciBndW51bmcga2lkdWySARJ0b3VyaXN0X2F0dHJhY3Rpb26aASNDaFpEU1VoTk1HOW5TMFZKUTBGblNVTkJjaTFmTlVoUkVBRQ?hl=id"
